<?xml version="1.0"?>
<eCorporation>
<Organization>
<OrganizationID>BA6Cd9Dae2Efd62</OrganizationID>
<Name>Good Ltd</Name>
<Website>http://duffy.com/</Website>
<Country>Anguilla</Country>
<Description>Reverse-engineered composite moratorium</Description>
<Founded>1971</Founded>
<Industry>Consumer Services</Industry>
<NumberEmployees>4292</NumberEmployees>
<Employees>
<Employee>
<UserID>dade3452F0c32FD</UserID>
<FirstName>Jonathon</FirstName>
<LastName>Atkinson</LastName>
<Sex>Male</Sex>
<Email>gailfrench@example.net</Email>
<Phone>874-037-2032</Phone>
<BirthDate>7/19/1987</BirthDate>
<JobTitle>Psychologist, forensic</JobTitle>
<OrganizationID>BA6Cd9Dae2Efd62</OrganizationID>
</Employee>
</Employees>
</Organization>
<Organization>
<OrganizationID>7Cb3AeFcE4Ba31e</OrganizationID>
<Name>Rivas Group</Name>
<Website>https://hebert.org/</Website>
<Country>Australia</Country>
<Description>Open-architected well-modulated capacity</Description>
<Founded>1998</Founded>
<Industry>Logistics / Procurement</Industry>
<NumberEmployees>4155</NumberEmployees>
<Employees>
<Employee>
<UserID>5bC87340799FBD0</UserID>
<FirstName>Jean</FirstName>
<LastName>Ritter</LastName>
<Sex>Female</Sex>
<Email>kristina76@example.com</Email>
<Phone>(954)060-1066</Phone>
<BirthDate>8/6/1985</BirthDate>
<JobTitle>Financial trader</JobTitle>
<OrganizationID>7Cb3AeFcE4Ba31e</OrganizationID>
</Employee>
<Employee>
<UserID>2EFC6A4e77FaEaC</UserID>
<FirstName>Ricardo</FirstName>
<LastName>Hinton</LastName>
<Sex>Male</Sex>
<Email>wyattbishop@example.com</Email>
<Phone>447-699-8612</Phone>
<BirthDate>3/26/1974</BirthDate>
<JobTitle>Hydrogeologist</JobTitle>
<OrganizationID>7Cb3AeFcE4Ba31e</OrganizationID>
</Employee>
</Employees>
</Organization>
<Organization>
<OrganizationID>cC757116fe1C085</OrganizationID>
<Name>Henry-Thompson</Name>
<Website>http://morse.net/</Website>
<Country>Bahamas</Country>
<Description>Face-to-face well-modulated customer loyalty</Description>
<Founded>1992</Founded>
<Industry>Primary / Secondary Education</Industry>
<NumberEmployees>4914</NumberEmployees>
<Employees>
<Employee>
<UserID>5d2feAfbdCAA6B5</UserID>
<FirstName>Isaiah</FirstName>
<LastName>Camacho</LastName>
<Sex>Female</Sex>
<Email>jimblake@example.org</Email>
<Phone>536-544-3367</Phone>
<BirthDate>4/7/1966</BirthDate>
<JobTitle>Food technologist</JobTitle>
<OrganizationID>cC757116fe1C085</OrganizationID>
</Employee>
</Employees>
</Organization>
<Organization>
<OrganizationID>6883A965c7b68F7</OrganizationID>
<Name>Hahn PLC</Name>
<Website>http://newman.com/</Website>
<Country>Belarus</Country>
<Description>Organic logistical leverage</Description>
<Founded>2012</Founded>
<Industry>Electrical / Electronic Manufacturing</Industry>
<NumberEmployees>3715</NumberEmployees>
<Employees>
<Employee>
<UserID>66F096D36Ebae11</UserID>
<FirstName>Judy</FirstName>
<LastName>Buckley</LastName>
<Sex>Male</Sex>
<Email>irosales@example.net</Email>
<Phone>001-654-5283</Phone>
<BirthDate>7/28/1963</BirthDate>
<JobTitle>Art gallery manager</JobTitle>
<OrganizationID>6883A965c7b68F7</OrganizationID>
</Employee>
<Employee>
<UserID>F0fE2faAd78F8b5</UserID>
<FirstName>Norman</FirstName>
<LastName>Weber</LastName>
<Sex>Male</Sex>
<Email>mconrad@example.com</Email>
<Phone>223-002-0429</Phone>
<BirthDate>5/21/1987</BirthDate>
<JobTitle>Gaffer</JobTitle>
<OrganizationID>6883A965c7b68F7</OrganizationID>
</Employee>
<Employee>
<UserID>bff9853aFAeF772</UserID>
<FirstName>Douglas</FirstName>
<LastName>Reese</LastName>
<Sex>Female</Sex>
<Email>nixonvanessa@example.net</Email>
<Phone>834-660-9864</Phone>
<BirthDate>11/11/1969</BirthDate>
<JobTitle>Higher education lecturer</JobTitle>
<OrganizationID>6883A965c7b68F7</OrganizationID>
</Employee>
</Employees>
</Organization>
<Organization>
<OrganizationID>5Ec4C272bCf085c</OrganizationID>
<Name>Robbins-Cummings</Name>
<Website>http://donaldson-wilkins.com/</Website>
<Country>Belgium</Country>
<Description>Organic non-volatile hierarchy</Description>
<Founded>1991</Founded>
<Industry>Pharmaceuticals</Industry>
<NumberEmployees>5038</NumberEmployees>
<Employees></Employees>
</Organization>
<Organization>
<OrganizationID>235fdEFE2cfDa5F</OrganizationID>
<Name>Brock-Blackwell</Name>
<Website>http://www.small.com/</Website>
<Country>Benin</Country>
<Description>Secured foreground emulation</Description>
<Founded>1986</Founded>
<Industry>Online Publishing</Industry>
<NumberEmployees>7034</NumberEmployees>
<Employees>
<Employee>
<UserID>E47FB71DD9ACCd9</UserID>
<FirstName>Joshua</FirstName>
<LastName>Sweeney</LastName>
<Sex>Male</Sex>
<Email>daisymcgee@example.net</Email>
<Phone>875-994-2535</Phone>
<BirthDate>7/28/1974</BirthDate>
<JobTitle>Education officer, museum</JobTitle>
<OrganizationID>235fdEFE2cfDa5F</OrganizationID>
</Employee>
<Employee>
<UserID>88F7B33d2bcf9f5</UserID>
<FirstName>Shelby</FirstName>
<LastName>Terrell</LastName>
<Sex>Male</Sex>
<Email>elijah57@example.net</Email>
<Phone>084-906-7358</Phone>
<BirthDate>10/26/1985</BirthDate>
<JobTitle>Games developer</JobTitle>
<OrganizationID>235fdEFE2cfDa5F</OrganizationID>
</Employee>
</Employees>
</Organization>
<Organization>
<OrganizationID>dfcA1c84AdB61Ac</OrganizationID>
<Name>Mccall-Holmes</Name>
<Website>http://www.dean.com/</Website>
<Country>Benin</Country>
<Description>Object-based value-added database</Description>
<Founded>2009</Founded>
<Industry>Legal Services</Industry>
<NumberEmployees>696</NumberEmployees>
<Employees></Employees>
</Organization>
<Organization>
<OrganizationID>7ABc3c7ecA03B34</OrganizationID>
<Name>Sampson-Griffith</Name>
<Website>http://hendricks.org/</Website>
<Country>Benin</Country>
<Description>Multi-layered composite paradigm</Description>
<Founded>1972</Founded>
<Industry>Textiles</Industry>
<NumberEmployees>3881</NumberEmployees>
<Employees>
<Employee>
<UserID>d181FFB7d3E68bb</UserID>
<FirstName>Xavier</FirstName>
<LastName>Cole</LastName>
<Sex>Male</Sex>
<Email>nicolas90@example.org</Email>
<Phone>816-425-9975</Phone>
<BirthDate>11/29/1978</BirthDate>
<JobTitle>Financial planner</JobTitle>
<OrganizationID>7ABc3c7ecA03B34</OrganizationID>
</Employee>
</Employees>
</Organization>
<Organization>
<OrganizationID>4D4d7E18321eaeC</OrganizationID>
<Name>Pineda-Cox</Name>
<Website>http://aguilar.org/</Website>
<Country>Bolivia</Country>
<Description>Fundamental asynchronous capability</Description>
<Founded>2010</Founded>
<Industry>Human Resources / HR</Industry>
<NumberEmployees>1312</NumberEmployees>
<Employees></Employees>
</Organization>
<Organization>
<OrganizationID>ba179F19F7925f5</OrganizationID>
<Name>Branch-Mann</Name>
<Website>http://www.lozano.com/</Website>
<Country>Botswana</Country>
<Description>Adaptive intangible frame</Description>
<Founded>1999</Founded>
<Industry>Architecture / Planning</Industry>
<NumberEmployees>7961</NumberEmployees>
<Employees>
<Employee>
<UserID>AdEd6cfD85DeC46</UserID>
<FirstName>Jermaine</FirstName>
<LastName>Reid</LastName>
<Sex>Female</Sex>
<Email>vpaul@example.com</Email>
<Phone>(742)214-8691</Phone>
<BirthDate>8/18/1974</BirthDate>
<JobTitle>Newspaper journalist</JobTitle>
<OrganizationID>ba179F19F7925f5</OrganizationID>
</Employee>
</Employees>
</Organization>
<Organization>
<OrganizationID>AE61b8Ffebbc476</OrganizationID>
<Name>Kidd Group</Name>
<Website>http://www.lyons.com/</Website>
<Country>Bouvet Island (Bouvetoya)</Country>
<Description>Proactive foreground paradigm</Description>
<Founded>2001</Founded>
<Industry>Primary / Secondary Education</Industry>
<NumberEmployees>7473</NumberEmployees>
<Employees>
<Employee>
<UserID>DbeAb8CcdfeFC2c</UserID>
<FirstName>Kristine</FirstName>
<LastName>Travis</LastName>
<Sex>Male</Sex>
<Email>bthompson@example.com</Email>
<Phone>277-609-7938</Phone>
<BirthDate>7/2/1992</BirthDate>
<JobTitle>Homeopath</JobTitle>
<OrganizationID>AE61b8Ffebbc476</OrganizationID>
</Employee>
<Employee>
<UserID>cBbBcA0FCA3C4Bc</UserID>
<FirstName>Randy</FirstName>
<LastName>Barnes</LastName>
<Sex>Male</Sex>
<Email>huangbill@example.org</Email>
<Phone>960-629-7214</Phone>
<BirthDate>12/30/1977</BirthDate>
<JobTitle>Outdoor activities/education manager</JobTitle>
<OrganizationID>AE61b8Ffebbc476</OrganizationID>
</Employee>
</Employees>
</Organization>
<Organization>
<OrganizationID>055ffEfB2Dd95B0</OrganizationID>
<Name>Riley Ltd</Name>
<Website>http://wiley.com/</Website>
<Country>Brazil</Country>
<Description>Optional exuding superstructure</Description>
<Founded>1986</Founded>
<Industry>Textiles</Industry>
<NumberEmployees>9315</NumberEmployees>
<Employees>
<Employee>
<UserID>b6a35de5CB6fc25</UserID>
<FirstName>Cynthia</FirstName>
<LastName>Wiggins</LastName>
<Sex>Female</Sex>
<Email>rosariodave@example.org</Email>
<Phone>(110)858-7190</Phone>
<BirthDate>1/27/1984</BirthDate>
<JobTitle>Outdoor activities/education manager</JobTitle>
<OrganizationID>055ffEfB2Dd95B0</OrganizationID>
</Employee>
</Employees>
</Organization>
<Organization>
<OrganizationID>F4Dc1417BC6cb8f</OrganizationID>
<Name>Gilbert-Simon</Name>
<Website>https://www.bradford.biz/</Website>
<Country>Burundi</Country>
<Description>Grass-roots radical parallelism</Description>
<Founded>1973</Founded>
<Industry>Newspapers / Journalism</Industry>
<NumberEmployees>1927</NumberEmployees>
<Employees>
<Employee>
<UserID>88473e15D5c3cD0</UserID>
<FirstName>Jared</FirstName>
<LastName>Mitchell</LastName>
<Sex>Female</Sex>
<Email>jcortez@example.com</Email>
<Phone>878-241-8587</Phone>
<BirthDate>1/18/1991</BirthDate>
<JobTitle>Paediatric nurse</JobTitle>
<OrganizationID>F4Dc1417BC6cb8f</OrganizationID>
</Employee>
</Employees>
</Organization>
<Organization>
<OrganizationID>FEC51bce8421a7b</OrganizationID>
<Name>Roberson, Pennington and Palmer</Name>
<Website>http://www.keith-fisher.com/</Website>
<Country>Cameroon</Country>
<Description>Adaptive bi-directional hierarchy</Description>
<Founded>1993</Founded>
<Industry>Telecommunications</Industry>
<NumberEmployees>5571</NumberEmployees>
<Employees>
<Employee>
<UserID>9F5DeD7aD228F5a</UserID>
<FirstName>Beverly</FirstName>
<LastName>Esparza</LastName>
<Sex>Female</Sex>
<Email>iphelps@example.net</Email>
<Phone>327-578-8771</Phone>
<BirthDate>12/9/1973</BirthDate>
<JobTitle>Passenger transport manager</JobTitle>
<OrganizationID>FEC51bce8421a7b</OrganizationID>
</Employee>
</Employees>
</Organization>
<Organization>
<OrganizationID>7b3fe6e7E72bFa4</OrganizationID>
<Name>Berg-Sparks</Name>
<Website>https://cisneros-love.com/</Website>
<Country>Canada</Country>
<Description>Stand-alone static implementation</Description>
<Founded>1974</Founded>
<Industry>Arts / Crafts</Industry>
<NumberEmployees>2073</NumberEmployees>
<Employees>
<Employee>
<UserID>D3Fa0220dDE4d36</UserID>
<FirstName>Nathaniel</FirstName>
<LastName>Rivas</LastName>
<Sex>Female</Sex>
<Email>roberto29@example.com</Email>
<Phone>(655)887-204-3788</Phone>
<BirthDate>11/17/1978</BirthDate>
<JobTitle>Call centre manager</JobTitle>
<OrganizationID>7b3fe6e7E72bFa4</OrganizationID>
</Employee>
</Employees>
</Organization>
<Organization>
<OrganizationID>dF084FbBb613eea</OrganizationID>
<Name>Walls LLC</Name>
<Website>http://www.reese-vasquez.biz/</Website>
<Country>Cape Verde</Country>
<Description>Self-enabling fresh-thinking installation</Description>
<Founded>1989</Founded>
<Industry>Investment Management / Hedge Fund / Private Equity</Industry>
<NumberEmployees>1678</NumberEmployees>
<Employees></Employees>
</Organization>
<Organization>
<OrganizationID>B9BdfEB6D3Ca44E</OrganizationID>
<Name>Sampson Ltd</Name>
<Website>https://blevins.com/</Website>
<Country>Cayman Islands</Country>
<Description>Intuitive local adapter</Description>
<Founded>2005</Founded>
<Industry>Farming</Industry>
<NumberEmployees>1418</NumberEmployees>
<Employees></Employees>
</Organization>
<Organization>
<OrganizationID>ccBcC32adcbc530</OrganizationID>
<Name>Sloan, Mays and Whitehead</Name>
<Website>http://lawson.com/</Website>
<Country>Chad</Country>
<Description>Face-to-face high-level conglomeration</Description>
<Founded>1997</Founded>
<Industry>Civil Engineering</Industry>
<NumberEmployees>365</NumberEmployees>
<Employees></Employees>
</Organization>
<Organization>
<OrganizationID>0bFED1ADAE4bcC1</OrganizationID>
<Name>Hester Ltd</Name>
<Website>http://sullivan-reed.com/</Website>
<Country>China</Country>
<Description>Switchable scalable moratorium</Description>
<Founded>1971</Founded>
<Industry>Public Safety</Industry>
<NumberEmployees>5287</NumberEmployees>
<Employees>
<Employee>
<UserID>bE9EEf34cB72AF7</UserID>
<FirstName>Katherine</FirstName>
<LastName>Buck</LastName>
<Sex>Female</Sex>
<Email>conniecowan@example.com</Email>
<Phone>773-151-9162</Phone>
<BirthDate>1/22/1989</BirthDate>
<JobTitle>Intelligence analyst</JobTitle>
<OrganizationID>0bFED1ADAE4bcC1</OrganizationID>
</Employee>
</Employees>
</Organization>
<Organization>
<OrganizationID>88b1f1cDcf59a37</OrganizationID>
<Name>Prince-David</Name>
<Website>http://thompson.com/</Website>
<Country>Christmas Island</Country>
<Description>Virtual holistic methodology</Description>
<Founded>1970</Founded>
<Industry>Banking / Mortgage</Industry>
<NumberEmployees>1046</NumberEmployees>
<Employees></Employees>
</Organization>
<Organization>
<OrganizationID>B97a6CF9bf5983C</OrganizationID>
<Name>Davila Inc</Name>
<Website>https://mcconnell.info/</Website>
<Country>Cocos (Keeling) Islands</Country>
<Description>Profit-focused dedicated frame</Description>
<Founded>2017</Founded>
<Industry>Consumer Electronics</Industry>
<NumberEmployees>2215</NumberEmployees>
<Employees>
<Employee>
<UserID>cEf02C076afa07f</UserID>
<FirstName>Larry</FirstName>
<LastName>Harper</LastName>
<Sex>Male</Sex>
<Email>maria32@example.org</Email>
<Phone>244-630-7121</Phone>
<BirthDate>5/5/1988</BirthDate>
<JobTitle>Scientist, water quality</JobTitle>
<OrganizationID>B97a6CF9bf5983C</OrganizationID>
</Employee>
</Employees>
</Organization>
<Organization>
<OrganizationID>EF5B55FadccB8Fe</OrganizationID>
<Name>Charles-Phillips</Name>
<Website>https://bowman.com/</Website>
<Country>Cote d'Ivoire</Country>
<Description>Monitored client-server implementation</Description>
<Founded>2012</Founded>
<Industry>Mental Health Care</Industry>
<NumberEmployees>3450</NumberEmployees>
<Employees>
<Employee>
<UserID>dBCEf340C3657Eb</UserID>
<FirstName>Caitlyn</FirstName>
<LastName>Frey</LastName>
<Sex>Male</Sex>
<Email>rivasdominique@example.org</Email>
<Phone>805-021-6344</Phone>
<BirthDate>1/26/1968</BirthDate>
<JobTitle>Jewellery designer</JobTitle>
<OrganizationID>EF5B55FadccB8Fe</OrganizationID>
</Employee>
<Employee>
<UserID>DAf111987098ae4</UserID>
<FirstName>Regina</FirstName>
<LastName>Stevens</LastName>
<Sex>Male</Sex>
<Email>xpoole@example.net</Email>
<Phone>891-359-2684</Phone>
<BirthDate>11/28/1972</BirthDate>
<JobTitle>Public house manager</JobTitle>
<OrganizationID>EF5B55FadccB8Fe</OrganizationID>
</Employee>
</Employees>
</Organization>
<Organization>
<OrganizationID>f8D4B99e11fAF5D</OrganizationID>
<Name>Odom Ltd</Name>
<Website>https://www.humphrey-hess.com/</Website>
<Country>Cote d'Ivoire</Country>
<Description>Advanced static process improvement</Description>
<Founded>2012</Founded>
<Industry>Management Consulting</Industry>
<NumberEmployees>1825</NumberEmployees>
<Employees>
<Employee>
<UserID>bB9e49E506F65ed</UserID>
<FirstName>Shari</FirstName>
<LastName>Daugherty</LastName>
<Sex>Male</Sex>
<Email>kalvarado@example.org</Email>
<Phone>951-655-6124</Phone>
<BirthDate>11/24/1984</BirthDate>
<JobTitle>Curator</JobTitle>
<OrganizationID>f8D4B99e11fAF5D</OrganizationID>
</Employee>
</Employees>
</Organization>
<Organization>
<OrganizationID>cBa7EFe5D05Adaf</OrganizationID>
<Name>Crawford-Rivera</Name>
<Website>https://black-ramirez.org/</Website>
<Country>Cuba</Country>
<Description>Persevering exuding budgetary management</Description>
<Founded>1999</Founded>
<Industry>Online Publishing</Industry>
<NumberEmployees>7805</NumberEmployees>
<Employees>
<Employee>
<UserID>8Ef7DBfcaB02b6B</UserID>
<FirstName>Bonnie</FirstName>
<LastName>Andrews</LastName>
<Sex>Female</Sex>
<Email>caitlin24@example.net</Email>
<Phone>253-987-9161</Phone>
<BirthDate>12/21/1983</BirthDate>
<JobTitle>Seismic interpreter</JobTitle>
<OrganizationID>cBa7EFe5D05Adaf</OrganizationID>
</Employee>
</Employees>
</Organization>
<Organization>
<OrganizationID>4B217cC5a0674C5</OrganizationID>
<Name>Dickson, Richmond and Clay</Name>
<Website>http://everett.com/</Website>
<Country>Czech Republic</Country>
<Description>Team-oriented tangible complexity</Description>
<Founded>1980</Founded>
<Industry>Real Estate / Mortgage</Industry>
<NumberEmployees>3122</NumberEmployees>
<Employees>
<Employee>
<UserID>311D775990f066d</UserID>
<FirstName>Frank</FirstName>
<LastName>Meadows</LastName>
<Sex>Male</Sex>
<Email>gbrewer@example.org</Email>
<Phone>965-392-4847</Phone>
<BirthDate>9/16/1995</BirthDate>
<JobTitle>Audiological scientist</JobTitle>
<OrganizationID>4B217cC5a0674C5</OrganizationID>
</Employee>
<Employee>
<UserID>Ee4eB129dC7913A</UserID>
<FirstName>Becky</FirstName>
<LastName>Brady</LastName>
<Sex>Male</Sex>
<Email>erikmueller@example.org</Email>
<Phone>(390)002-0863</Phone>
<BirthDate>6/27/1977</BirthDate>
<JobTitle>Seismic interpreter</JobTitle>
<OrganizationID>4B217cC5a0674C5</OrganizationID>
</Employee>
</Employees>
</Organization>
<Organization>
<OrganizationID>eb3B7D06cCdD609</OrganizationID>
<Name>Crane-Clarke</Name>
<Website>https://www.sandoval.com/</Website>
<Country>Denmark</Country>
<Description>Front-line clear-thinking encryption</Description>
<Founded>2014</Founded>
<Industry>Food / Beverages</Industry>
<NumberEmployees>9011</NumberEmployees>
<Employees>
<Employee>
<UserID>aa614aAE4B7Cf0C</UserID>
<FirstName>Leonard</FirstName>
<LastName>Hurst</LastName>
<Sex>Male</Sex>
<Email>clinton78@example.org</Email>
<Phone>941-038-3880</Phone>
<BirthDate>3/13/1988</BirthDate>
<JobTitle>Accountant, chartered management</JobTitle>
<OrganizationID>eb3B7D06cCdD609</OrganizationID>
</Employee>
<Employee>
<UserID>5834700fbEd2771</UserID>
<FirstName>Chelsea</FirstName>
<LastName>Dickson</LastName>
<Sex>Male</Sex>
<Email>johnnyhendricks@example.net</Email>
<Phone>098-651-0138</Phone>
<BirthDate>5/13/1978</BirthDate>
<JobTitle>Teacher, early years/pre</JobTitle>
<OrganizationID>eb3B7D06cCdD609</OrganizationID>
</Employee>
</Employees>
</Organization>
<Organization>
<OrganizationID>bC0CEd48A8000E0</OrganizationID>
<Name>Velazquez-Odom</Name>
<Website>https://stokes.com/</Website>
<Country>Djibouti</Country>
<Description>Streamlined 6thgeneration function</Description>
<Founded>2002</Founded>
<Industry>Alternative Dispute Resolution</Industry>
<NumberEmployees>4044</NumberEmployees>
<Employees>
<Employee>
<UserID>f3BD2cBF7eEb6df</UserID>
<FirstName>Danielle</FirstName>
<LastName>Estrada</LastName>
<Sex>Female</Sex>
<Email>jvang@example.org</Email>
<Phone>(890)374-951-4772</Phone>
<BirthDate>7/9/1973</BirthDate>
<JobTitle>Accountant, chartered management</JobTitle>
<OrganizationID>bC0CEd48A8000E0</OrganizationID>
</Employee>
<Employee>
<UserID>3f3a3D89ad042Dd</UserID>
<FirstName>Harry</FirstName>
<LastName>Medina</LastName>
<Sex>Female</Sex>
<Email>olsenmalik@example.net</Email>
<Phone>746-994-6354</Phone>
<BirthDate>8/24/1987</BirthDate>
<JobTitle>Technical sales engineer</JobTitle>
<OrganizationID>bC0CEd48A8000E0</OrganizationID>
</Employee>
</Employees>
</Organization>
<Organization>
<OrganizationID>dEbDAAeDfaed00A</OrganizationID>
<Name>Rowe and Sons</Name>
<Website>https://www.simpson.org/</Website>
<Country>El Salvador</Country>
<Description>Balanced multimedia knowledgebase</Description>
<Founded>1978</Founded>
<Industry>Facilities Services</Industry>
<NumberEmployees>8172</NumberEmployees>
<Employees>
<Employee>
<UserID>CEFA7BBCef013AE</UserID>
<FirstName>Kirk</FirstName>
<LastName>Walsh</LastName>
<Sex>Female</Sex>
<Email>stephenfuller@example.org</Email>
<Phone>001-826-4661</Phone>
<BirthDate>4/8/2001</BirthDate>
<JobTitle>Accounting technician</JobTitle>
<OrganizationID>dEbDAAeDfaed00A</OrganizationID>
</Employee>
<Employee>
<UserID>Ed724605A403D91</UserID>
<FirstName>Kelli</FirstName>
<LastName>Garner</LastName>
<Sex>Male</Sex>
<Email>jodyvincent@example.org</Email>
<Phone>995-421-7982</Phone>
<BirthDate>1/17/1970</BirthDate>
<JobTitle>Retail banker</JobTitle>
<OrganizationID>dEbDAAeDfaed00A</OrganizationID>
</Employee>
<Employee>
<UserID>2b0Ab1Dc9E01D7E</UserID>
<FirstName>Dustin</FirstName>
<LastName>Bailey</LastName>
<Sex>Male</Sex>
<Email>pbarron@example.net</Email>
<Phone>965-621-1345</Phone>
<BirthDate>8/22/1978</BirthDate>
<JobTitle>Travel agency manager</JobTitle>
<OrganizationID>dEbDAAeDfaed00A</OrganizationID>
</Employee>
</Employees>
</Organization>
<Organization>
<OrganizationID>cBfe4dbAE1699da</OrganizationID>
<Name>Erickson, Andrews and Bailey</Name>
<Website>https://www.hobbs-grant.com/</Website>
<Country>Eritrea</Country>
<Description>Vision-oriented secondary project</Description>
<Founded>2014</Founded>
<Industry>Consumer Electronics</Industry>
<NumberEmployees>7829</NumberEmployees>
<Employees>
<Employee>
<UserID>BF0BbA03C29Bb3b</UserID>
<FirstName>Sheila</FirstName>
<LastName>Ross</LastName>
<Sex>Female</Sex>
<Email>huangcathy@example.com</Email>
<Phone>895-881-4746</Phone>
<BirthDate>3/20/2003</BirthDate>
<JobTitle>Advertising account executive</JobTitle>
<OrganizationID>cBfe4dbAE1699da</OrganizationID>
</Employee>
<Employee>
<UserID>1bA7A3dc874da3c</UserID>
<FirstName>Lori</FirstName>
<LastName>Todd</LastName>
<Sex>Male</Sex>
<Email>buchananmanuel@example.net</Email>
<Phone>689-207-3533</Phone>
<BirthDate>12/1/1998</BirthDate>
<JobTitle>Veterinary surgeon</JobTitle>
<OrganizationID>cBfe4dbAE1699da</OrganizationID>
</Employee>
</Employees>
</Organization>
<Organization>
<OrganizationID>ED889CB2FE9cbd3</OrganizationID>
<Name>Huang and Sons</Name>
<Website>https://www.bolton.com/</Website>
<Country>Eritrea</Country>
<Description>Re-contextualized dynamic hierarchy</Description>
<Founded>1981</Founded>
<Industry>Semiconductors</Industry>
<NumberEmployees>7484</NumberEmployees>
<Employees>
<Employee>
<UserID>1F0B7D65A00DAF9</UserID>
<FirstName>Crystal</FirstName>
<LastName>Farmer</LastName>
<Sex>Male</Sex>
<Email>pmiranda@example.org</Email>
<Phone>657-668-5791</Phone>
<BirthDate>3/9/1992</BirthDate>
<JobTitle>Agricultural consultant</JobTitle>
<OrganizationID>ED889CB2FE9cbd3</OrganizationID>
</Employee>
<Employee>
<UserID>F738c69fB34E62E</UserID>
<FirstName>Stacy</FirstName>
<LastName>Newton</LastName>
<Sex>Male</Sex>
<Email>rayleroy@example.org</Email>
<Phone>710-673-0335</Phone>
<BirthDate>10/20/1980</BirthDate>
<JobTitle>Warden/ranger</JobTitle>
<OrganizationID>ED889CB2FE9cbd3</OrganizationID>
</Employee>
</Employees>
</Organization>
<Organization>
<OrganizationID>0a0bfFbBbB8eC7c</OrganizationID>
<Name>Holmes Group</Name>
<Website>https://mcdowell.org/</Website>
<Country>Ethiopia</Country>
<Description>Right-sized zero tolerance focus group</Description>
<Founded>1975</Founded>
<Industry>Photography</Industry>
<NumberEmployees>2988</NumberEmployees>
<Employees>
<Employee>
<UserID>feaBf8dAE0C0d6F</UserID>
<FirstName>Dillon</FirstName>
<LastName>Guzman</LastName>
<Sex>Female</Sex>
<Email>angelanavarro@example.net</Email>
<Phone>971-992-4521</Phone>
<BirthDate>4/1/1992</BirthDate>
<JobTitle>Air broker</JobTitle>
<OrganizationID>0a0bfFbBbB8eC7c</OrganizationID>
</Employee>
<Employee>
<UserID>e75e5DBfcb68887</UserID>
<FirstName>Sandra</FirstName>
<LastName>Wu</LastName>
<Sex>Male</Sex>
<Email>ubanks@example.com</Email>
<Phone>096-645-8067</Phone>
<BirthDate>4/28/1975</BirthDate>
<JobTitle>Warehouse manager</JobTitle>
<OrganizationID>0a0bfFbBbB8eC7c</OrganizationID>
</Employee>
</Employees>
</Organization>
<Organization>
<OrganizationID>5DCb8A5a5ca03c0</OrganizationID>
<Name>Floyd Ltd</Name>
<Website>http://www.whitney.com/</Website>
<Country>Falkland Islands (Malvinas)</Country>
<Description>Function-based fault-tolerant concept</Description>
<Founded>2017</Founded>
<Industry>Public Relations / PR</Industry>
<NumberEmployees>2911</NumberEmployees>
<Employees>
<Employee>
<UserID>6Dec5b5542F8ed8</UserID>
<FirstName>Brandon</FirstName>
<LastName>Schmidt</LastName>
<Sex>Female</Sex>
<Email>mconley@example.net</Email>
<Phone>386-673-1456</Phone>
<BirthDate>5/12/1991</BirthDate>
<JobTitle>Engineer, biomedical</JobTitle>
<OrganizationID>5DCb8A5a5ca03c0</OrganizationID>
</Employee>
<Employee>
<UserID>bfDD7CDEF5D865B</UserID>
<FirstName>Erin</FirstName>
<LastName>Day</LastName>
<Sex>Male</Sex>
<Email>tconner@example.org</Email>
<Phone>171-649-5553</Phone>
<BirthDate>10/28/1970</BirthDate>
<JobTitle>Waste management officer</JobTitle>
<OrganizationID>5DCb8A5a5ca03c0</OrganizationID>
</Employee>
</Employees>
</Organization>
<Organization>
<OrganizationID>E7df80C60Abd7f9</OrganizationID>
<Name>Clements-Espinoza</Name>
<Website>http://www.flowers.net/</Website>
<Country>Falkland Islands (Malvinas)</Country>
<Description>Progressive modular hub</Description>
<Founded>1991</Founded>
<Industry>Broadcast Media</Industry>
<NumberEmployees>236</NumberEmployees>
<Employees>
<Employee>
<UserID>8e4FB470FE19bF0</UserID>
<FirstName>Isaiah</FirstName>
<LastName>Downs</LastName>
<Sex>Male</Sex>
<Email>virginiaterrell@example.org</Email>
<Phone>511-372-1206</Phone>
<BirthDate>9/20/1964</BirthDate>
<JobTitle>Engineer, site</JobTitle>
<OrganizationID>E7df80C60Abd7f9</OrganizationID>
</Employee>
<Employee>
<UserID>dBfA17Aaf16b4ab</UserID>
<FirstName>Veronica</FirstName>
<LastName>Briggs</LastName>
<Sex>Female</Sex>
<Email>weissbridget@example.com</Email>
<Phone>521-589-4840</Phone>
<BirthDate>6/8/1974</BirthDate>
<JobTitle>Structural engineer</JobTitle>
<OrganizationID>E7df80C60Abd7f9</OrganizationID>
</Employee>
</Employees>
</Organization>
<Organization>
<OrganizationID>6A7EdDEA9FaDC52</OrganizationID>
<Name>Mckinney, Riley and Day</Name>
<Website>http://www.hall-buchanan.info/</Website>
<Country>Finland</Country>
<Description>User-centric system-worthy leverage</Description>
<Founded>2015</Founded>
<Industry>Glass / Ceramics / Concrete</Industry>
<NumberEmployees>4952</NumberEmployees>
<Employees>
<Employee>
<UserID>F0d3bD1aaf9E3Bc</UserID>
<FirstName>Tamara</FirstName>
<LastName>Hull</LastName>
<Sex>Male</Sex>
<Email>meagan39@example.net</Email>
<Phone>017-665-7944</Phone>
<BirthDate>1/31/1983</BirthDate>
<JobTitle>English as a second language teacher</JobTitle>
<OrganizationID>6A7EdDEA9FaDC52</OrganizationID>
</Employee>
<Employee>
<UserID>7D0AcBF6CCac3fd</UserID>
<FirstName>Matthew</FirstName>
<LastName>Stone</LastName>
<Sex>Female</Sex>
<Email>evelyn31@example.org</Email>
<Phone>952-381-6360</Phone>
<BirthDate>8/23/1977</BirthDate>
<JobTitle>Scientist, clinical (histocompatibility and immunogenetics)</JobTitle>
<OrganizationID>6A7EdDEA9FaDC52</OrganizationID>
</Employee>
<Employee>
<UserID>ACcde95AAe3e6cC</UserID>
<FirstName>Gene</FirstName>
<LastName>Rich</LastName>
<Sex>Female</Sex>
<Email>luisdeleon@example.org</Email>
<Phone>356-818-8957</Phone>
<BirthDate>8/22/1996</BirthDate>
<JobTitle>Surveyor, quantity</JobTitle>
<OrganizationID>6A7EdDEA9FaDC52</OrganizationID>
</Employee>
</Employees>
</Organization>
<Organization>
<OrganizationID>7D9FBF85cdC3871</OrganizationID>
<Name>Lawson and Sons</Name>
<Website>https://www.wong.com/</Website>
<Country>French Southern Territories</Country>
<Description>Compatible analyzing intranet</Description>
<Founded>2021</Founded>
<Industry>Arts / Crafts</Industry>
<NumberEmployees>3527</NumberEmployees>
<Employees>
<Employee>
<UserID>eA3fDd79BE9f0E7</UserID>
<FirstName>Heidi</FirstName>
<LastName>Escobar</LastName>
<Sex>Female</Sex>
<Email>staffordtravis@example.net</Email>
<Phone>601-155-1131</Phone>
<BirthDate>9/25/1991</BirthDate>
<JobTitle>Estate manager/land agent</JobTitle>
<OrganizationID>7D9FBF85cdC3871</OrganizationID>
</Employee>
<Employee>
<UserID>c5B09fb33e8bA0A</UserID>
<FirstName>Alfred</FirstName>
<LastName>Mcneil</LastName>
<Sex>Female</Sex>
<Email>cassandramorris@example.com</Email>
<Phone>(468)276-3058</Phone>
<BirthDate>5/28/1993</BirthDate>
<JobTitle>Systems analyst</JobTitle>
<OrganizationID>7D9FBF85cdC3871</OrganizationID>
</Employee>
</Employees>
</Organization>
<Organization>
<OrganizationID>49aECbDaE6aBD53</OrganizationID>
<Name>Wallace, Madden and Morris</Name>
<Website>http://www.blevins-fernandez.biz/</Website>
<Country>Germany</Country>
<Description>Persistent real-time customer loyalty</Description>
<Founded>2016</Founded>
<Industry>Pharmaceuticals</Industry>
<NumberEmployees>9443</NumberEmployees>
<Employees>
<Employee>
<UserID>50Bb061cB30B461</UserID>
<FirstName>Thomas</FirstName>
<LastName>Knight</LastName>
<Sex>Female</Sex>
<Email>braunpriscilla@example.net</Email>
<Phone>684-224-2005</Phone>
<BirthDate>2/18/1988</BirthDate>
<JobTitle>Sport and exercise psychologist</JobTitle>
<OrganizationID>49aECbDaE6aBD53</OrganizationID>
</Employee>
</Employees>
</Organization>
<Organization>
<OrganizationID>4e0719FBE38e0aB</OrganizationID>
<Name>Miles-Dominguez</Name>
<Website>http://www.turner.com/</Website>
<Country>Gibraltar</Country>
<Description>Organized empowering forecast</Description>
<Founded>1996</Founded>
<Industry>Civic / Social Organization</Industry>
<NumberEmployees>897</NumberEmployees>
<Employees>
<Employee>
<UserID>b8D0aD3490FC7e1</UserID>
<FirstName>Mariah</FirstName>
<LastName>Bernard</LastName>
<Sex>Male</Sex>
<Email>pcopeland@example.org</Email>
<Phone>(341)594-655-4657</Phone>
<BirthDate>11/15/2001</BirthDate>
<JobTitle>IT sales professional</JobTitle>
<OrganizationID>4e0719FBE38e0aB</OrganizationID>
</Employee>
<Employee>
<UserID>3Fb8a7f68e12784</UserID>
<FirstName>Jackson</FirstName>
<LastName>Sparks</LastName>
<Sex>Female</Sex>
<Email>reynoldsdarryl@example.net</Email>
<Phone>(137)908-6535</Phone>
<BirthDate>11/18/1980</BirthDate>
<JobTitle>Set designer</JobTitle>
<OrganizationID>4e0719FBE38e0aB</OrganizationID>
</Employee>
</Employees>
</Organization>
<Organization>
<OrganizationID>decab0D5027CA6a</OrganizationID>
<Name>Arroyo Inc</Name>
<Website>https://www.turner.com/</Website>
<Country>Grenada</Country>
<Description>Managed demand-driven website</Description>
<Founded>2006</Founded>
<Industry>Writing / Editing</Industry>
<NumberEmployees>9067</NumberEmployees>
<Employees>
<Employee>
<UserID>b759b74BD1dE80d</UserID>
<FirstName>Bridget</FirstName>
<LastName>Nash</LastName>
<Sex>Female</Sex>
<Email>mercedes44@example.com</Email>
<Phone>(216)627-8359</Phone>
<BirthDate>6/28/1974</BirthDate>
<JobTitle>Social worker</JobTitle>
<OrganizationID>decab0D5027CA6a</OrganizationID>
</Employee>
</Employees>
</Organization>
<Organization>
<OrganizationID>Aad86a4F0385F2d</OrganizationID>
<Name>Harrell LLC</Name>
<Website>http://www.frey-rosario.com/</Website>
<Country>Guadeloupe</Country>
<Description>Reverse-engineered mission-critical moratorium</Description>
<Founded>2018</Founded>
<Industry>Construction</Industry>
<NumberEmployees>2185</NumberEmployees>
<Employees>
<Employee>
<UserID>5eFda7caAeB260E</UserID>
<FirstName>Dennis</FirstName>
<LastName>Barnes</LastName>
<Sex>Female</Sex>
<Email>bmartin@example.org</Email>
<Phone>095-524-2257</Phone>
<BirthDate>7/30/1984</BirthDate>
<JobTitle>Software engineer</JobTitle>
<OrganizationID>Aad86a4F0385F2d</OrganizationID>
</Employee>
</Employees>
</Organization>
<Organization>
<OrganizationID>19E3a5Bf6dBDc4F</OrganizationID>
<Name>Cuevas-Moss</Name>
<Website>https://dodson-castaneda.net/</Website>
<Country>Guatemala</Country>
<Description>Extended human-resource intranet</Description>
<Founded>1994</Founded>
<Industry>Music</Industry>
<NumberEmployees>9995</NumberEmployees>
<Employees></Employees>
</Organization>
<Organization>
<OrganizationID>32BB9Ff4d939788</OrganizationID>
<Name>Duffy-Levy</Name>
<Website>https://www.potter.com/</Website>
<Country>Guernsey</Country>
<Description>Diverse exuding installation</Description>
<Founded>1982</Founded>
<Industry>Wireless</Industry>
<NumberEmployees>6146</NumberEmployees>
<Employees></Employees>
</Organization>
<Organization>
<OrganizationID>ccc93DCF81a31CD</OrganizationID>
<Name>Mcintosh-Mora</Name>
<Website>https://www.brooks.com/</Website>
<Country>Heard Island and McDonald Islands</Country>
<Description>Centralized attitude-oriented capability</Description>
<Founded>1970</Founded>
<Industry>Import / Export</Industry>
<NumberEmployees>4389</NumberEmployees>
<Employees></Employees>
</Organization>
<Organization>
<OrganizationID>b5D10A14f7a8AfE</OrganizationID>
<Name>Hodge-Ayers</Name>
<Website>http://www.archer-elliott.com/</Website>
<Country>Honduras</Country>
<Description>Future-proofed radical implementation</Description>
<Founded>1990</Founded>
<Industry>Facilities Services</Industry>
<NumberEmployees>8508</NumberEmployees>
<Employees>
<Employee>
<UserID>F0aeC9c2759F3C6</UserID>
<FirstName>Alison</FirstName>
<LastName>Nixon</LastName>
<Sex>Female</Sex>
<Email>zmiles@example.net</Email>
<Phone>350-668-0871</Phone>
<BirthDate>7/10/1981</BirthDate>
<JobTitle>Patent attorney</JobTitle>
<OrganizationID>b5D10A14f7a8AfE</OrganizationID>
</Employee>
</Employees>
</Organization>
<Organization>
<OrganizationID>AC5B7AA74Aa4A2E</OrganizationID>
<Name>Valentine, Ferguson and Kramer</Name>
<Website>http://stuart.net/</Website>
<Country>Jersey</Country>
<Description>Centralized secondary time-frame</Description>
<Founded>1997</Founded>
<Industry>Non - Profit / Volunteering</Industry>
<NumberEmployees>3585</NumberEmployees>
<Employees>
<Employee>
<UserID>0f8deedb629A5f6</UserID>
<FirstName>Grace</FirstName>
<LastName>Phelps</LastName>
<Sex>Male</Sex>
<Email>clarkeangela@example.net</Email>
<Phone>(034)867-882-6777</Phone>
<BirthDate>10/15/1989</BirthDate>
<JobTitle>Petroleum engineer</JobTitle>
<OrganizationID>AC5B7AA74Aa4A2E</OrganizationID>
</Employee>
</Employees>
</Organization>
<Organization>
<OrganizationID>485f5d06B938F2b</OrganizationID>
<Name>Baker, Mccann and Macdonald</Name>
<Website>http://www.anderson-barker.com/</Website>
<Country>Kenya</Country>
<Description>Cross-group user-facing focus group</Description>
<Founded>2013</Founded>
<Industry>Legislative Office</Industry>
<NumberEmployees>1638</NumberEmployees>
<Employees>
<Employee>
<UserID>9Df5Ba591bF3EFf</UserID>
<FirstName>Mike</FirstName>
<LastName>Ward</LastName>
<Sex>Female</Sex>
<Email>imccullough@example.com</Email>
<Phone>116-729-5046</Phone>
<BirthDate>11/9/1967</BirthDate>
<JobTitle>Hydrologist</JobTitle>
<OrganizationID>485f5d06B938F2b</OrganizationID>
</Employee>
<Employee>
<UserID>6a53a8D41dDF6de</UserID>
<FirstName>Ryan</FirstName>
<LastName>Benton</LastName>
<Sex>Male</Sex>
<Email>lopezdebbie@example.org</Email>
<Phone>695-557-9485</Phone>
<BirthDate>10/6/1982</BirthDate>
<JobTitle>Physiological scientist</JobTitle>
<OrganizationID>485f5d06B938F2b</OrganizationID>
</Employee>
</Employees>
</Organization>
<Organization>
<OrganizationID>c1Ce9B350BAc66b</OrganizationID>
<Name>Weiss and Sons</Name>
<Website>https://barrett.com/</Website>
<Country>Korea</Country>
<Description>Sharable optimal functionalities</Description>
<Founded>2011</Founded>
<Industry>Plastics</Industry>
<NumberEmployees>5984</NumberEmployees>
<Employees>
<Employee>
<UserID>aF0eE4547Bc025c</UserID>
<FirstName>Brian</FirstName>
<LastName>Oconnell</LastName>
<Sex>Female</Sex>
<Email>saralong@example.net</Email>
<Phone>952-283-1733</Phone>
<BirthDate>10/23/1971</BirthDate>
<JobTitle>Physiotherapist</JobTitle>
<OrganizationID>c1Ce9B350BAc66b</OrganizationID>
</Employee>
<Employee>
<UserID>b31D271F8c200AB</UserID>
<FirstName>Jacqueline</FirstName>
<LastName>Norton</LastName>
<Sex>Female</Sex>
<Email>carias@example.net</Email>
<Phone>819-309-9173</Phone>
<BirthDate>10/9/1982</BirthDate>
<JobTitle>Scientist, marine</JobTitle>
<OrganizationID>c1Ce9B350BAc66b</OrganizationID>
</Employee>
</Employees>
</Organization>
<Organization>
<OrganizationID>7dd18Fb7cB07b65</OrganizationID>
<Name>Mcguire, Mcconnell and Olsen</Name>
<Website>https://melton-briggs.com/</Website>
<Country>Korea</Country>
<Description>Profound client-server frame</Description>
<Founded>1988</Founded>
<Industry>Printing</Industry>
<NumberEmployees>8445</NumberEmployees>
<Employees>
<Employee>
<UserID>Fac3BfFf0A3d03c</UserID>
<FirstName>Fred</FirstName>
<LastName>Olsen</LastName>
<Sex>Female</Sex>
<Email>amyanderson@example.com</Email>
<Phone>497-774-3053</Phone>
<BirthDate>4/10/1980</BirthDate>
<JobTitle>Archaeologist</JobTitle>
<OrganizationID>7dd18Fb7cB07b65</OrganizationID>
</Employee>
<Employee>
<UserID>f90cD3E76f1A9b9</UserID>
<FirstName>Phillip</FirstName>
<LastName>Summers</LastName>
<Sex>Female</Sex>
<Email>bethany14@example.com</Email>
<Phone>214-112-6913</Phone>
<BirthDate>3/24/1990</BirthDate>
<JobTitle>Phytotherapist</JobTitle>
<OrganizationID>7dd18Fb7cB07b65</OrganizationID>
</Employee>
<Employee>
<UserID>60FdBFd5e7BE8fF</UserID>
<FirstName>Debra</FirstName>
<LastName>Payne</LastName>
<Sex>Female</Sex>
<Email>yolanda07@example.org</Email>
<Phone>731-525-2593</Phone>
<BirthDate>8/20/1997</BirthDate>
<JobTitle>Special educational needs teacher</JobTitle>
<OrganizationID>7dd18Fb7cB07b65</OrganizationID>
</Employee>
</Employees>
</Organization>
<Organization>
<OrganizationID>0B4F93aA06ED03e</OrganizationID>
<Name>Carr Inc</Name>
<Website>http://ross.com/</Website>
<Country>Kuwait</Country>
<Description>Distributed impactful customer loyalty</Description>
<Founded>1996</Founded>
<Industry>Plastics</Industry>
<NumberEmployees>8167</NumberEmployees>
<Employees>
<Employee>
<UserID>ddEc50e2A2e3a2B</UserID>
<FirstName>Brittney</FirstName>
<LastName>Vega</LastName>
<Sex>Female</Sex>
<Email>ayalajose@example.net</Email>
<Phone>945-739-8686</Phone>
<BirthDate>10/31/1973</BirthDate>
<JobTitle>Recycling officer</JobTitle>
<OrganizationID>0B4F93aA06ED03e</OrganizationID>
</Employee>
</Employees>
</Organization>
<Organization>
<OrganizationID>9E6Acb51e3F9d6F</OrganizationID>
<Name>Glass, Barrera and Turner</Name>
<Website>https://dunlap.com/</Website>
<Country>Kyrgyz Republic</Country>
<Description>Multi-channeled 3rdgeneration open system</Description>
<Founded>2020</Founded>
<Industry>Utilities</Industry>
<NumberEmployees>2610</NumberEmployees>
<Employees>
<Employee>
<UserID>035eff50B9A0F24</UserID>
<FirstName>Melody</FirstName>
<LastName>Cook</LastName>
<Sex>Male</Sex>
<Email>jeannovak@example.org</Email>
<Phone>(826)792-7381</Phone>
<BirthDate>6/25/1983</BirthDate>
<JobTitle>Research scientist (life sciences)</JobTitle>
<OrganizationID>9E6Acb51e3F9d6F</OrganizationID>
</Employee>
</Employees>
</Organization>
<Organization>
<OrganizationID>AFc285dbE2fEd24</OrganizationID>
<Name>Mendez Inc</Name>
<Website>https://www.burke.net/</Website>
<Country>Kyrgyz Republic</Country>
<Description>User-friendly exuding migration</Description>
<Founded>1993</Founded>
<Industry>Education Management</Industry>
<NumberEmployees>339</NumberEmployees>
<Employees>
<Employee>
<UserID>e92A191E345fA3A</UserID>
<FirstName>Tanya</FirstName>
<LastName>Mckinney</LastName>
<Sex>Female</Sex>
<Email>vickihouston@example.com</Email>
<Phone>(830)774-900-7086</Phone>
<BirthDate>3/12/2000</BirthDate>
<JobTitle>Information systems manager</JobTitle>
<OrganizationID>AFc285dbE2fEd24</OrganizationID>
</Employee>
<Employee>
<UserID>CB19EafEbBfF9eC</UserID>
<FirstName>Mario</FirstName>
<LastName>Vaughn</LastName>
<Sex>Male</Sex>
<Email>oblake@example.com</Email>
<Phone>160-144-5276</Phone>
<BirthDate>7/8/1990</BirthDate>
<JobTitle>Research scientist (life sciences)</JobTitle>
<OrganizationID>AFc285dbE2fEd24</OrganizationID>
</Employee>
</Employees>
</Organization>
<Organization>
<OrganizationID>A0B9d56e61070e3</OrganizationID>
<Name>Beasley, Sims and Allison</Name>
<Website>http://burke.info/</Website>
<Country>Latvia</Country>
<Description>Secured zero tolerance hub</Description>
<Founded>1972</Founded>
<Industry>Facilities Services</Industry>
<NumberEmployees>6182</NumberEmployees>
<Employees>
<Employee>
<UserID>CCbFce93d3720bE</UserID>
<FirstName>Steve</FirstName>
<LastName>Patterson</LastName>
<Sex>Female</Sex>
<Email>latasha46@example.net</Email>
<Phone>865-478-5157</Phone>
<BirthDate>4/29/1992</BirthDate>
<JobTitle>Barrister</JobTitle>
<OrganizationID>A0B9d56e61070e3</OrganizationID>
</Employee>
<Employee>
<UserID>5F2f3fAca8B0946</UserID>
<FirstName>Darren</FirstName>
<LastName>Andrews</LastName>
<Sex>Male</Sex>
<Email>lhernandez@example.com</Email>
<Phone>(975)799-4261</Phone>
<BirthDate>10/4/1997</BirthDate>
<JobTitle>Retail banker</JobTitle>
<OrganizationID>A0B9d56e61070e3</OrganizationID>
</Employee>
</Employees>
</Organization>
<Organization>
<OrganizationID>8D0c29189C9798B</OrganizationID>
<Name>Keller, Campos and Black</Name>
<Website>https://www.garner.info/</Website>
<Country>Liberia</Country>
<Description>Ameliorated directional emulation</Description>
<Founded>2020</Founded>
<Industry>Museums / Institutions</Industry>
<NumberEmployees>2862</NumberEmployees>
<Employees>
<Employee>
<UserID>Ee6974f90eeCe18</UserID>
<FirstName>Harold</FirstName>
<LastName>Barnett</LastName>
<Sex>Female</Sex>
<Email>nathan65@example.org</Email>
<Phone>004-583-6682</Phone>
<BirthDate>3/15/1983</BirthDate>
<JobTitle>Biochemist, clinical</JobTitle>
<OrganizationID>8D0c29189C9798B</OrganizationID>
</Employee>
</Employees>
</Organization>
<Organization>
<OrganizationID>Ea3f6D52Ec73563</OrganizationID>
<Name>Montes-Hensley</Name>
<Website>https://krueger.org/</Website>
<Country>Liechtenstein</Country>
<Description>Multi-tiered secondary productivity</Description>
<Founded>2009</Founded>
<Industry>Printing</Industry>
<NumberEmployees>8433</NumberEmployees>
<Employees>
<Employee>
<UserID>3faB1CBfEFBDdD4</UserID>
<FirstName>Brittney</FirstName>
<LastName>Rubio</LastName>
<Sex>Female</Sex>
<Email>corey92@example.com</Email>
<Phone>593-976-2528</Phone>
<BirthDate>12/24/1979</BirthDate>
<JobTitle>Biochemist, clinical</JobTitle>
<OrganizationID>Ea3f6D52Ec73563</OrganizationID>
</Employee>
</Employees>
</Organization>
<Organization>
<OrganizationID>8de40AC4e6EaCa4</OrganizationID>
<Name>Velez, Payne and Coffey</Name>
<Website>http://burton.com/</Website>
<Country>Luxembourg</Country>
<Description>Mandatory coherent synergy</Description>
<Founded>1986</Founded>
<Industry>Wholesale</Industry>
<NumberEmployees>5010</NumberEmployees>
<Employees>
<Employee>
<UserID>2fEc528aFAF0b69</UserID>
<FirstName>Wesley</FirstName>
<LastName>Bray</LastName>
<Sex>Male</Sex>
<Email>regina11@example.org</Email>
<Phone>995-542-7680</Phone>
<BirthDate>12/28/1994</BirthDate>
<JobTitle>Police officer</JobTitle>
<OrganizationID>8de40AC4e6EaCa4</OrganizationID>
</Employee>
</Employees>
</Organization>
<Organization>
<OrganizationID>ce57DCbcFD6d618</OrganizationID>
<Name>Newman-Galloway</Name>
<Website>https://www.scott.com/</Website>
<Country>Luxembourg</Country>
<Description>Enhanced foreground collaboration</Description>
<Founded>1987</Founded>
<Industry>Information Technology / IT</Industry>
<NumberEmployees>3934</NumberEmployees>
<Employees>
<Employee>
<UserID>b3e15e65Ca2CcBf</UserID>
<FirstName>Tina</FirstName>
<LastName>Cunningham</LastName>
<Sex>Male</Sex>
<Email>wongmary@example.org</Email>
<Phone>079-907-5051</Phone>
<BirthDate>11/29/1986</BirthDate>
<JobTitle>Race relations officer</JobTitle>
<OrganizationID>ce57DCbcFD6d618</OrganizationID>
</Employee>
</Employees>
</Organization>
<Organization>
<OrganizationID>a0a6f9b3DbcBEb5</OrganizationID>
<Name>Mays-Preston</Name>
<Website>http://www.browning-key.com/</Website>
<Country>Mali</Country>
<Description>User-centric heuristic focus group</Description>
<Founded>2006</Founded>
<Industry>Military Industry</Industry>
<NumberEmployees>5786</NumberEmployees>
<Employees>
<Employee>
<UserID>c935b7Eb6FA0B0F</UserID>
<FirstName>Kim</FirstName>
<LastName>Andrews</LastName>
<Sex>Female</Sex>
<Email>wpetersen@example.org</Email>
<Phone>767-712-5383</Phone>
<BirthDate>11/15/1990</BirthDate>
<JobTitle>Biochemist, clinical</JobTitle>
<OrganizationID>a0a6f9b3DbcBEb5</OrganizationID>
</Employee>
</Employees>
</Organization>
<Organization>
<OrganizationID>Bf3F3f62c8aBC33</OrganizationID>
<Name>Cherry PLC</Name>
<Website>https://www.avila.info/</Website>
<Country>Marshall Islands</Country>
<Description>Persistent tertiary website</Description>
<Founded>1980</Founded>
<Industry>Plastics</Industry>
<NumberEmployees>8245</NumberEmployees>
<Employees>
<Employee>
<UserID>Adc7ad9B6e4A1Fe</UserID>
<FirstName>Summer</FirstName>
<LastName>Oconnell</LastName>
<Sex>Female</Sex>
<Email>alexiscantrell@example.org</Email>
<Phone>001-273-6856</Phone>
<BirthDate>4/12/2000</BirthDate>
<JobTitle>Broadcast journalist</JobTitle>
<OrganizationID>Bf3F3f62c8aBC33</OrganizationID>
</Employee>
</Employees>
</Organization>
<Organization>
<OrganizationID>9eE8A6a4Eb96C24</OrganizationID>
<Name>Mayer Group</Name>
<Website>http://www.brewer.com/</Website>
<Country>Mauritius</Country>
<Description>Synchronized needs-based challenge</Description>
<Founded>1991</Founded>
<Industry>Transportation</Industry>
<NumberEmployees>7870</NumberEmployees>
<Employees>
<Employee>
<UserID>cDa5F303fCd6dEa</UserID>
<FirstName>Jacqueline</FirstName>
<LastName>Gallagher</LastName>
<Sex>Male</Sex>
<Email>nsampson@example.net</Email>
<Phone>(247)762-8934</Phone>
<BirthDate>2/25/1999</BirthDate>
<JobTitle>Building services engineer</JobTitle>
<OrganizationID>9eE8A6a4Eb96C24</OrganizationID>
</Employee>
</Employees>
</Organization>
<Organization>
<OrganizationID>e24D21BFd3bF1E5</OrganizationID>
<Name>Richard PLC</Name>
<Website>https://holden-coleman.net/</Website>
<Country>Mayotte</Country>
<Description>Object-based optimizing model</Description>
<Founded>1971</Founded>
<Industry>Broadcast Media</Industry>
<NumberEmployees>4942</NumberEmployees>
<Employees></Employees>
</Organization>
<Organization>
<OrganizationID>c89b9b59BC4baa1</OrganizationID>
<Name>Eaton-Morales</Name>
<Website>https://www.reeves-graham.com/</Website>
<Country>Micronesia</Country>
<Description>Customer-focused explicit frame</Description>
<Founded>1990</Founded>
<Industry>Capital Markets / Hedge Fund / Private Equity</Industry>
<NumberEmployees>7013</NumberEmployees>
<Employees></Employees>
</Organization>
<Organization>
<OrganizationID>22aC3FFd64fD703</OrganizationID>
<Name>Eaton, Reynolds and Vargas</Name>
<Website>http://www.freeman.biz/</Website>
<Country>Monaco</Country>
<Description>Self-enabling multi-tasking process improvement</Description>
<Founded>2014</Founded>
<Industry>Luxury Goods / Jewelry</Industry>
<NumberEmployees>8987</NumberEmployees>
<Employees></Employees>
</Organization>
<Organization>
<OrganizationID>ec5Bdd3CBAfaB93</OrganizationID>
<Name>Cole, Russell and Avery</Name>
<Website>http://www.blankenship.com/</Website>
<Country>Mongolia</Country>
<Description>De-engineered fault-tolerant challenge</Description>
<Founded>2000</Founded>
<Industry>Law Enforcement</Industry>
<NumberEmployees>7012</NumberEmployees>
<Employees></Employees>
</Organization>
<Organization>
<OrganizationID>38C6cfC5074Fa5e</OrganizationID>
<Name>Fritz-Franklin</Name>
<Website>http://www.lambert.com/</Website>
<Country>Nepal</Country>
<Description>Automated 4thgeneration website</Description>
<Founded>1972</Founded>
<Industry>Hospitality</Industry>
<NumberEmployees>4516</NumberEmployees>
<Employees></Employees>
</Organization>
<Organization>
<OrganizationID>902D7Ac8b6d476b</OrganizationID>
<Name>Newton Inc</Name>
<Website>https://www.richmond-manning.info/</Website>
<Country>Netherlands Antilles</Country>
<Description>Fundamental stable info-mediaries</Description>
<Founded>1976</Founded>
<Industry>Military Industry</Industry>
<NumberEmployees>563</NumberEmployees>
<Employees></Employees>
</Organization>
<Organization>
<OrganizationID>2a74D6f3D3B268e</OrganizationID>
<Name>Cherry, Le and Callahan</Name>
<Website>https://waller-delacruz.biz/</Website>
<Country>Nigeria</Country>
<Description>Universal human-resource collaboration</Description>
<Founded>2017</Founded>
<Industry>Entertainment / Movie Production</Industry>
<NumberEmployees>7202</NumberEmployees>
<Employees></Employees>
</Organization>
<Organization>
<OrganizationID>CbBbFcdd0eaE2cF</OrganizationID>
<Name>Bartlett-Arroyo</Name>
<Website>https://cruz.com/</Website>
<Country>Northern Mariana Islands</Country>
<Description>Realigned didactic function</Description>
<Founded>1976</Founded>
<Industry>Civic / Social Organization</Industry>
<NumberEmployees>3987</NumberEmployees>
<Employees></Employees>
</Organization>
<Organization>
<OrganizationID>5aaD187dc929371</OrganizationID>
<Name>Frazier-Butler</Name>
<Website>https://www.daugherty-farley.info/</Website>
<Country>Northern Mariana Islands</Country>
<Description>Persistent interactive circuit</Description>
<Founded>1972</Founded>
<Industry>Outsourcing / Offshoring</Industry>
<NumberEmployees>5130</NumberEmployees>
<Employees></Employees>
</Organization>
<Organization>
<OrganizationID>219233e8aFF1BC3</OrganizationID>
<Name>Hansen-Everett</Name>
<Website>https://www.kidd.org/</Website>
<Country>Pakistan</Country>
<Description>Seamless disintermediate collaboration</Description>
<Founded>2018</Founded>
<Industry>Publishing Industry</Industry>
<NumberEmployees>7832</NumberEmployees>
<Employees>
<Employee>
<UserID>baDcC4DeefD8dEB</UserID>
<FirstName>Dave</FirstName>
<LastName>Farrell</LastName>
<Sex>Male</Sex>
<Email>nmccann@example.net</Email>
<Phone>603-428-7392</Phone>
<BirthDate>10/6/1995</BirthDate>
<JobTitle>Lawyer</JobTitle>
<OrganizationID>219233e8aFF1BC3</OrganizationID>
</Employee>
</Employees>
</Organization>
<Organization>
<OrganizationID>f3C365f0c1A0623</OrganizationID>
<Name>Hicks LLC</Name>
<Website>http://alvarez.biz/</Website>
<Country>Pakistan</Country>
<Description>Quality-focused client-server Graphical User Interface</Description>
<Founded>1970</Founded>
<Industry>Computer Software / Engineering</Industry>
<NumberEmployees>8480</NumberEmployees>
<Employees>
<Employee>
<UserID>E883773cA5219Be</UserID>
<FirstName>Helen</FirstName>
<LastName>Williamson</LastName>
<Sex>Female</Sex>
<Email>melvin08@example.net</Email>
<Phone>377-726-4229</Phone>
<BirthDate>8/11/1981</BirthDate>
<JobTitle>Lecturer, further education</JobTitle>
<OrganizationID>f3C365f0c1A0623</OrganizationID>
</Employee>
</Employees>
</Organization>
<Organization>
<OrganizationID>aeBe26B80a7a23c</OrganizationID>
<Name>Melton-Nichols</Name>
<Website>https://kennedy.com/</Website>
<Country>Palau</Country>
<Description>User-friendly clear-thinking productivity</Description>
<Founded>2021</Founded>
<Industry>Legislative Office</Industry>
<NumberEmployees>8741</NumberEmployees>
<Employees>
<Employee>
<UserID>fFe7BAA737aDbe2</UserID>
<FirstName>Miguel</FirstName>
<LastName>Hill</LastName>
<Sex>Female</Sex>
<Email>tyrone56@example.org</Email>
<Phone>524-784-2945</Phone>
<BirthDate>8/26/1990</BirthDate>
<JobTitle>Make</JobTitle>
<OrganizationID>aeBe26B80a7a23c</OrganizationID>
</Employee>
</Employees>
</Organization>
<Organization>
<OrganizationID>FAB0d41d5b5d22c</OrganizationID>
<Name>Ferrell LLC</Name>
<Website>https://price.net/</Website>
<Country>Papua New Guinea</Country>
<Description>Horizontal empowering knowledgebase</Description>
<Founded>1990</Founded>
<Industry>Plastics</Industry>
<NumberEmployees>3498</NumberEmployees>
<Employees>
<Employee>
<UserID>9edBC94aE7cA22a</UserID>
<FirstName>Willie</FirstName>
<LastName>Vang</LastName>
<Sex>Female</Sex>
<Email>haleymathews@example.net</Email>
<Phone>741-168-6067</Phone>
<BirthDate>2/2/1978</BirthDate>
<JobTitle>Management consultant</JobTitle>
<OrganizationID>FAB0d41d5b5d22c</OrganizationID>
</Employee>
</Employees>
</Organization>
<Organization>
<OrganizationID>f9F7bBCAEeC360F</OrganizationID>
<Name>Ayala LLC</Name>
<Website>http://www.zhang.com/</Website>
<Country>Philippines</Country>
<Description>Open-source zero administration hierarchy</Description>
<Founded>2021</Founded>
<Industry>Legal Services</Industry>
<NumberEmployees>7664</NumberEmployees>
<Employees>
<Employee>
<UserID>Ebcefdf75eCb0a9</UserID>
<FirstName>Frank</FirstName>
<LastName>Pineda</LastName>
<Sex>Male</Sex>
<Email>daltoncalvin@example.net</Email>
<Phone>(035)961-506-9182</Phone>
<BirthDate>3/10/1986</BirthDate>
<JobTitle>Hospital pharmacist</JobTitle>
<OrganizationID>f9F7bBCAEeC360F</OrganizationID>
</Employee>
<Employee>
<UserID>A31Bee3c201ef58</UserID>
<FirstName>Yesenia</FirstName>
<LastName>Martinez</LastName>
<Sex>Male</Sex>
<Email>kaitlinkaiser@example.com</Email>
<Phone>584-094-6111</Phone>
<BirthDate>8/3/2000</BirthDate>
<JobTitle>Market researcher</JobTitle>
<OrganizationID>f9F7bBCAEeC360F</OrganizationID>
</Employee>
</Employees>
</Organization>
<Organization>
<OrganizationID>Dfef38C51D8DAe3</OrganizationID>
<Name>Poole, Cruz and Whitney</Name>
<Website>https://reed.info/</Website>
<Country>Reunion</Country>
<Description>Balanced analyzing groupware</Description>
<Founded>1978</Founded>
<Industry>Marketing / Advertising / Sales</Industry>
<NumberEmployees>2992</NumberEmployees>
<Employees>
<Employee>
<UserID>D8bF5Ab2b98caff</UserID>
<FirstName>Mackenzie</FirstName>
<LastName>Rocha</LastName>
<Sex>Female</Sex>
<Email>abbottyvette@example.net</Email>
<Phone>422-552-5458</Phone>
<BirthDate>10/21/1980</BirthDate>
<JobTitle>Museum/gallery exhibitions officer</JobTitle>
<OrganizationID>Dfef38C51D8DAe3</OrganizationID>
</Employee>
</Employees>
</Organization>
<Organization>
<OrganizationID>dFfD6a6F9AC2d9C</OrganizationID>
<Name>Greene, Benjamin and Novak</Name>
<Website>http://www.kent.net/</Website>
<Country>Romania</Country>
<Description>Centralized leadingedge moratorium</Description>
<Founded>2012</Founded>
<Industry>Museums / Institutions</Industry>
<NumberEmployees>4941</NumberEmployees>
<Employees>
<Employee>
<UserID>0aBE5ACb18E0c10</UserID>
<FirstName>Jackie</FirstName>
<LastName>Bennett</LastName>
<Sex>Male</Sex>
<Email>hutchinsonkirk@example.com</Email>
<Phone>740-937-0887</Phone>
<BirthDate>11/11/1985</BirthDate>
<JobTitle>Neurosurgeon</JobTitle>
<OrganizationID>dFfD6a6F9AC2d9C</OrganizationID>
</Employee>
</Employees>
</Organization>
<Organization>
<OrganizationID>5fDBeA8BB91a000</OrganizationID>
<Name>Jenkins Inc</Name>
<Website>http://www.kirk.biz/</Website>
<Country>South Africa</Country>
<Description>Front-line systematic help-desk</Description>
<Founded>2002</Founded>
<Industry>Insurance</Industry>
<NumberEmployees>1215</NumberEmployees>
<Employees>
<Employee>
<UserID>f1f89173353aD90</UserID>
<FirstName>Janice</FirstName>
<LastName>Rhodes</LastName>
<Sex>Female</Sex>
<Email>juarezdominique@example.net</Email>
<Phone>249-314-6996</Phone>
<BirthDate>11/1/1997</BirthDate>
<JobTitle>Drilling engineer</JobTitle>
<OrganizationID>5fDBeA8BB91a000</OrganizationID>
</Employee>
</Employees>
</Organization>
<Organization>
<OrganizationID>208044AC2fe52F3</OrganizationID>
<Name>Massey LLC</Name>
<Website>https://frazier.biz/</Website>
<Country>Suriname</Country>
<Description>Configurable zero administration Graphical User Interface</Description>
<Founded>1986</Founded>
<Industry>Accounting</Industry>
<NumberEmployees>5004</NumberEmployees>
<Employees>
<Employee>
<UserID>12DCb4ED8E01D5C</UserID>
<FirstName>Tyler</FirstName>
<LastName>Foley</LastName>
<Sex>Female</Sex>
<Email>johnathan72@example.org</Email>
<Phone>469-307-8030</Phone>
<BirthDate>9/19/1988</BirthDate>
<JobTitle>Economist</JobTitle>
<OrganizationID>208044AC2fe52F3</OrganizationID>
</Employee>
</Employees>
</Organization>
<Organization>
<OrganizationID>DDB19Be7eeB56B4</OrganizationID>
<Name>Cummings-Rojas</Name>
<Website>https://simon-pearson.com/</Website>
<Country>Svalbard &amp; Jan Mayen Islands</Country>
<Description>User-centric modular customer loyalty</Description>
<Founded>2012</Founded>
<Industry>Financial Services</Industry>
<NumberEmployees>7529</NumberEmployees>
<Employees></Employees>
</Organization>
<Organization>
<OrganizationID>C8AC1eaf9C036F4</OrganizationID>
<Name>Pacheco-Spears</Name>
<Website>https://aguilar.com/</Website>
<Country>Sweden</Country>
<Description>Secured logistical synergy</Description>
<Founded>1984</Founded>
<Industry>Maritime</Industry>
<NumberEmployees>769</NumberEmployees>
<Employees></Employees>
</Organization>
<Organization>
<OrganizationID>77aDc905434a49f</OrganizationID>
<Name>Prince PLC</Name>
<Website>https://www.watts.com/</Website>
<Country>Sweden</Country>
<Description>Profit-focused coherent installation</Description>
<Founded>2016</Founded>
<Industry>Individual / Family Services</Industry>
<NumberEmployees>7645</NumberEmployees>
<Employees></Employees>
</Organization>
<Organization>
<OrganizationID>e0E8e27eAc9CAd5</OrganizationID>
<Name>George, Russo and Guerra</Name>
<Website>https://drake.com/</Website>
<Country>Sweden</Country>
<Description>Centralized non-volatile capability</Description>
<Founded>1989</Founded>
<Industry>Military Industry</Industry>
<NumberEmployees>2880</NumberEmployees>
<Employees></Employees>
</Organization>
<Organization>
<OrganizationID>bD1bc6bB6d1FeD3</OrganizationID>
<Name>Freeman-Chen</Name>
<Website>https://mathis.com/</Website>
<Country>Timor-Leste</Country>
<Description>Phased next generation adapter</Description>
<Founded>1973</Founded>
<Industry>International Trade / Development</Industry>
<NumberEmployees>346</NumberEmployees>
<Employees></Employees>
</Organization>
<Organization>
<OrganizationID>dd6CA3d0bc3cAfc</OrganizationID>
<Name>Beasley, Greene and Mahoney</Name>
<Website>http://www.petersen-lawrence.com/</Website>
<Country>Togo</Country>
<Description>Extended content-based methodology</Description>
<Founded>1976</Founded>
<Industry>Religious Institutions</Industry>
<NumberEmployees>869</NumberEmployees>
<Employees></Employees>
</Organization>
<Organization>
<OrganizationID>e9eB5A60Cef8354</OrganizationID>
<Name>Watkins-Kaiser</Name>
<Website>http://www.herring.com/</Website>
<Country>Togo</Country>
<Description>Synergistic background access</Description>
<Founded>2009</Founded>
<Industry>Financial Services</Industry>
<NumberEmployees>2785</NumberEmployees>
<Employees></Employees>
</Organization>
<Organization>
<OrganizationID>c6DedA82A8aef7E</OrganizationID>
<Name>Gonzales Ltd</Name>
<Website>http://bird.com/</Website>
<Country>Tonga</Country>
<Description>Managed human-resource policy</Description>
<Founded>1988</Founded>
<Industry>Consumer Goods</Industry>
<NumberEmployees>9069</NumberEmployees>
<Employees></Employees>
</Organization>
<Organization>
<OrganizationID>A2D89Ab9bCcAd4e</OrganizationID>
<Name>Mitchell, Warren and Schneider</Name>
<Website>https://fox.biz/</Website>
<Country>Trinidad and Tobago</Country>
<Description>Enhanced intangible time-frame</Description>
<Founded>2021</Founded>
<Industry>Capital Markets / Hedge Fund / Private Equity</Industry>
<NumberEmployees>3816</NumberEmployees>
<Employees></Employees>
</Organization>
<Organization>
<OrganizationID>aAeb29ad43886C6</OrganizationID>
<Name>Potter-Walsh</Name>
<Website>http://thomas-french.org/</Website>
<Country>Turkey</Country>
<Description>Optional non-volatile open system</Description>
<Founded>2008</Founded>
<Industry>Human Resources / HR</Industry>
<NumberEmployees>6923</NumberEmployees>
<Employees>
<Employee>
<UserID>7F7E1BAcb0C9AFf</UserID>
<FirstName>Alvin</FirstName>
<LastName>Paul</LastName>
<Sex>Male</Sex>
<Email>gilbertdonaldson@example.com</Email>
<Phone>219-436-0751</Phone>
<BirthDate>5/12/1989</BirthDate>
<JobTitle>Teacher, adult education</JobTitle>
<OrganizationID>aAeb29ad43886C6</OrganizationID>
</Employee>
</Employees>
</Organization>
<Organization>
<OrganizationID>2bFC1Be8a4ce42f</OrganizationID>
<Name>Holder-Sellers</Name>
<Website>https://becker.com/</Website>
<Country>Turkmenistan</Country>
<Description>De-engineered systemic artificial intelligence</Description>
<Founded>2004</Founded>
<Industry>Automotive</Industry>
<NumberEmployees>921</NumberEmployees>
<Employees>
<Employee>
<UserID>6e6a5b885F6496d</UserID>
<FirstName>Terrence</FirstName>
<LastName>Huff</LastName>
<Sex>Male</Sex>
<Email>cassandra80@example.org</Email>
<Phone>221-800-6416</Phone>
<BirthDate>2/27/1984</BirthDate>
<JobTitle>Careers information officer</JobTitle>
<OrganizationID>2bFC1Be8a4ce42f</OrganizationID>
</Employee>
</Employees>
</Organization>
<Organization>
<OrganizationID>68139b5C4De03B4</OrganizationID>
<Name>Bowers, Guerra and Krause</Name>
<Website>http://www.carrillo-nicholson.com/</Website>
<Country>Uganda</Country>
<Description>De-engineered transitional strategy</Description>
<Founded>1972</Founded>
<Industry>Primary / Secondary Education</Industry>
<NumberEmployees>6986</NumberEmployees>
<Employees>
<Employee>
<UserID>9425E2F38C408ef</UserID>
<FirstName>Kathy</FirstName>
<LastName>Haney</LastName>
<Sex>Female</Sex>
<Email>teresa37@example.com</Email>
<Phone>(164)105-8456</Phone>
<BirthDate>9/2/1995</BirthDate>
<JobTitle>Charity fundraiser</JobTitle>
<OrganizationID>68139b5C4De03B4</OrganizationID>
</Employee>
</Employees>
</Organization>
<Organization>
<OrganizationID>D2c91cc03CA394c</OrganizationID>
<Name>Glover-Pope</Name>
<Website>http://www.silva.biz/</Website>
<Country>United Arab Emirates</Country>
<Description>Persevering contextually-based approach</Description>
<Founded>2013</Founded>
<Industry>Medical Practice</Industry>
<NumberEmployees>9079</NumberEmployees>
<Employees>
<Employee>
<UserID>E1cB5cA8CA7CC0a</UserID>
<FirstName>Andrew</FirstName>
<LastName>Waters</LastName>
<Sex>Male</Sex>
<Email>nhall@example.net</Email>
<Phone>376-865-2751</Phone>
<BirthDate>5/14/1978</BirthDate>
<JobTitle>Jewellery designer</JobTitle>
<OrganizationID>D2c91cc03CA394c</OrganizationID>
</Employee>
</Employees>
</Organization>
<Organization>
<OrganizationID>fdFbecbadcdCdf1</OrganizationID>
<Name>Wilkinson, Charles and Arroyo</Name>
<Website>http://hunter-mcfarland.com/</Website>
<Country>United States Virgin Islands</Country>
<Description>Assimilated 24/7 archive</Description>
<Founded>1996</Founded>
<Industry>Building Materials</Industry>
<NumberEmployees>602</NumberEmployees>
<Employees>
<Employee>
<UserID>5D2cb63CaAF53f6</UserID>
<FirstName>Leslie</FirstName>
<LastName>Conway</LastName>
<Sex>Female</Sex>
<Email>floreschristina@example.org</Email>
<Phone>795-782-4385</Phone>
<BirthDate>11/6/1983</BirthDate>
<JobTitle>Chiropractor</JobTitle>
<OrganizationID>fdFbecbadcdCdf1</OrganizationID>
</Employee>
</Employees>
</Organization>
<Organization>
<OrganizationID>8cC1bDa330a5871</OrganizationID>
<Name>Pineda-Morton</Name>
<Website>https://www.carr.com/</Website>
<Country>United States Virgin Islands</Country>
<Description>Grass-roots methodical info-mediaries</Description>
<Founded>1991</Founded>
<Industry>Printing</Industry>
<NumberEmployees>6168</NumberEmployees>
<Employees>
<Employee>
<UserID>42F4BdA841aBadC</UserID>
<FirstName>Colleen</FirstName>
<LastName>Hatfield</LastName>
<Sex>Female</Sex>
<Email>fknox@example.org</Email>
<Phone>638-584-1090</Phone>
<BirthDate>10/14/1979</BirthDate>
<JobTitle>Commercial horticulturist</JobTitle>
<OrganizationID>8cC1bDa330a5871</OrganizationID>
</Employee>
</Employees>
</Organization>
<Organization>
<OrganizationID>adcB0afbE58bAe3</OrganizationID>
<Name>Wagner LLC</Name>
<Website>https://decker-esparza.com/</Website>
<Country>Uruguay</Country>
<Description>Reactive attitude-oriented toolset</Description>
<Founded>1987</Founded>
<Industry>International Affairs</Industry>
<NumberEmployees>6874</NumberEmployees>
<Employees>
<Employee>
<UserID>6bFcfc3cc1BC6B4</UserID>
<FirstName>Haley</FirstName>
<LastName>Pugh</LastName>
<Sex>Female</Sex>
<Email>molly03@example.org</Email>
<Phone>(746)182-613-2453</Phone>
<BirthDate>9/16/1980</BirthDate>
<JobTitle>Commissioning editor</JobTitle>
<OrganizationID>adcB0afbE58bAe3</OrganizationID>
</Employee>
</Employees>
</Organization>
<Organization>
<OrganizationID>738b5aDe6B1C6A5</OrganizationID>
<Name>Gaines Inc</Name>
<Website>http://sandoval-hooper.com/</Website>
<Country>Uzbekistan</Country>
<Description>Multi-lateral scalable protocol</Description>
<Founded>1997</Founded>
<Industry>Outsourcing / Offshoring</Industry>
<NumberEmployees>9698</NumberEmployees>
<Employees>
<Employee>
<UserID>c9F2282C40BEC1E</UserID>
<FirstName>Sean</FirstName>
<LastName>Levine</LastName>
<Sex>Male</Sex>
<Email>sallymiller@example.net</Email>
<Phone>491-582-8504</Phone>
<BirthDate>10/9/2000</BirthDate>
<JobTitle>Conservation officer, nature</JobTitle>
<OrganizationID>738b5aDe6B1C6A5</OrganizationID>
</Employee>
<Employee>
<UserID>e552D7ddafe1FFb</UserID>
<FirstName>Ryan</FirstName>
<LastName>Nelson</LastName>
<Sex>Female</Sex>
<Email>qnorman@example.org</Email>
<Phone>956-330-2951</Phone>
<BirthDate>5/2/1974</BirthDate>
<JobTitle>Historic buildings inspector/conservation officer</JobTitle>
<OrganizationID>738b5aDe6B1C6A5</OrganizationID>
</Employee>
<Employee>
<UserID>D6dbA5308fEC4BC</UserID>
<FirstName>Maurice</FirstName>
<LastName>Rangel</LastName>
<Sex>Male</Sex>
<Email>sheenabanks@example.com</Email>
<Phone>(246)187-4969</Phone>
<BirthDate>8/20/2000</BirthDate>
<JobTitle>Secretary/administrator</JobTitle>
<OrganizationID>738b5aDe6B1C6A5</OrganizationID>
</Employee>
</Employees>
</Organization>
<Organization>
<OrganizationID>EB9f456e8b7022a</OrganizationID>
<Name>Soto Group</Name>
<Website>https://norris.info/</Website>
<Country>Vietnam</Country>
<Description>Enterprise-wide executive installation</Description>
<Founded>1988</Founded>
<Industry>Business Supplies / Equipment</Industry>
<NumberEmployees>9097</NumberEmployees>
<Employees>
<Employee>
<UserID>d6EA619A7C4aA95</UserID>
<FirstName>Jamie</FirstName>
<LastName>Hardy</LastName>
<Sex>Female</Sex>
<Email>sheenadouglas@example.com</Email>
<Phone>(900)803-929-1153</Phone>
<BirthDate>7/17/1994</BirthDate>
<JobTitle>Conservator, furniture</JobTitle>
<OrganizationID>EB9f456e8b7022a</OrganizationID>
</Employee>
</Employees>
</Organization>
<Organization>
<OrganizationID>1eD64cFe986BBbE</OrganizationID>
<Name>Walton-Barnett</Name>
<Website>https://ashley-schaefer.com/</Website>
<Country>Western Sahara</Country>
<Description>Right-sized clear-thinking flexibility</Description>
<Founded>2001</Founded>
<Industry>Luxury Goods / Jewelry</Industry>
<NumberEmployees>1746</NumberEmployees>
<Employees>
<Employee>
<UserID>AedDfaE8Cf49F07</UserID>
<FirstName>Reginald</FirstName>
<LastName>Stephenson</LastName>
<Sex>Male</Sex>
<Email>erikaball@example.net</Email>
<Phone>832-500-6475</Phone>
<BirthDate>2/8/1970</BirthDate>
<JobTitle>Contracting civil engineer</JobTitle>
<OrganizationID>1eD64cFe986BBbE</OrganizationID>
</Employee>
</Employees>
</Organization>
<Organization>
<OrganizationID>5c2EffEfdba2BdF</OrganizationID>
<Name>Mckenzie-Melton</Name>
<Website>http://montoya-thompson.com/</Website>
<Country>Yemen</Country>
<Description>Reverse-engineered heuristic alliance</Description>
<Founded>1998</Founded>
<Industry>Investment Management / Hedge Fund / Private Equity</Industry>
<NumberEmployees>4589</NumberEmployees>
<Employees>
<Employee>
<UserID>CD8d33aA25bc8BB</UserID>
<FirstName>Courtney</FirstName>
<LastName>Watkins</LastName>
<Sex>Female</Sex>
<Email>ochang@example.org</Email>
<Phone>210-683-5883</Phone>
<BirthDate>12/7/2001</BirthDate>
<JobTitle>Pension scheme manager</JobTitle>
<OrganizationID>5c2EffEfdba2BdF</OrganizationID>
</Employee>
<Employee>
<UserID>C03fDADdAadAdCe</UserID>
<FirstName>Mandy</FirstName>
<LastName>Blake</LastName>
<Sex>Male</Sex>
<Email>jefferynoble@example.org</Email>
<Phone>(992)466-139-4947</Phone>
<BirthDate>12/8/1987</BirthDate>
<JobTitle>Scientist, clinical (histocompatibility and immunogenetics)</JobTitle>
<OrganizationID>5c2EffEfdba2BdF</OrganizationID>
</Employee>
</Employees>
</Organization>
<Organization>
<OrganizationID>5Cd7efccCcba38f</OrganizationID>
<Name>Burch-Ewing</Name>
<Website>http://cline.net/</Website>
<Country>Yemen</Country>
<Description>User-centric 4thgeneration system engine</Description>
<Founded>1981</Founded>
<Industry>Venture Capital / VC</Industry>
<NumberEmployees>7443</NumberEmployees>
<Employees></Employees>
</Organization>
<Organization>
<OrganizationID>61BDeCfeFD0cEF5</OrganizationID>
<Name>Valenzuela, Holmes and Rowland</Name>
<Website>https://www.dorsey.net/</Website>
<Country>Yemen</Country>
<Description>Persistent tertiary focus group</Description>
<Founded>1999</Founded>
<Industry>Transportation</Industry>
<NumberEmployees>1483</NumberEmployees>
<Employees></Employees>
</Organization>
<Organization>
<OrganizationID>f5afd686b3d05F5</OrganizationID>
<Name>Durham, Allen and Barnes</Name>
<Website>http://chan-stafford.org/</Website>
<Country>Zimbabwe</Country>
<Description>Synergistic web-enabled framework</Description>
<Founded>1993</Founded>
<Industry>Mechanical or Industrial Engineering</Industry>
<NumberEmployees>6135</NumberEmployees>
<Employees>
<Employee>
<UserID>9c1bc7EC53Fb7cE</UserID>
<FirstName>Louis</FirstName>
<LastName>Payne</LastName>
<Sex>Male</Sex>
<Email>bsullivan@example.net</Email>
<Phone>623-269-5307</Phone>
<BirthDate>1/29/1976</BirthDate>
<JobTitle>Counsellor</JobTitle>
<OrganizationID>f5afd686b3d05F5</OrganizationID>
</Employee>
</Employees>
</Organization>
<Organization>
<OrganizationID>4e91eD25f486110</OrganizationID>
<Name>Best, Wade and Shepard</Name>
<Website>https://zimmerman.com/</Website>
<Country>Zimbabwe</Country>
<Description>Innovative background definition</Description>
<Founded>1991</Founded>
<Industry>Gambling / Casinos</Industry>
<NumberEmployees>4873</NumberEmployees>
<Employees>
<Employee>
<UserID>2A33E7Cad1bb0F5</UserID>
<FirstName>Melody</FirstName>
<LastName>Cox</LastName>
<Sex>Female</Sex>
<Email>evan90@example.org</Email>
<Phone>(626)520-552-3511</Phone>
<BirthDate>7/30/1974</BirthDate>
<JobTitle>Dance movement psychotherapist</JobTitle>
<OrganizationID>4e91eD25f486110</OrganizationID>
</Employee>
</Employees>
</Organization>
</eCorporation>
