{
"Organizations": [
	{
	"Organization": {
		"OrganizationID": "BA6Cd9Dae2Efd62",
		"Name": "Good Ltd",
		"Website": "http://duffy.com/",
		"Country": "Anguilla",
		"Description": "Reverse-engineered composite moratorium",
		"Founded": "1971",
		"Industry": "Consumer Services",
		"NumberEmployees": "4292"
,
	"Employees": [
		{
		"UserID": "dade3452F0c32FD",
		"FirstName": "Jonathon",
		"LastName": "Atkinson",
		"Sex": "Male",
		"Email": "gailfrench@example.net",
		"Phone": "874-037-2032",
		"BirthDate": "7/19/1987",
		"JobTitle": "Psychologist, forensic",
		"OrganizationID": "BA6Cd9Dae2Efd62"
		}

	]
}},
	{
	"Organization": {
		"OrganizationID": "7Cb3AeFcE4Ba31e",
		"Name": "Rivas Group",
		"Website": "https://hebert.org/",
		"Country": "Australia",
		"Description": "Open-architected well-modulated capacity",
		"Founded": "1998",
		"Industry": "Logistics / Procurement",
		"NumberEmployees": "4155"
,
	"Employees": [
		{
		"UserID": "5bC87340799FBD0",
		"FirstName": "Jean",
		"LastName": "Ritter",
		"Sex": "Female",
		"Email": "kristina76@example.com",
		"Phone": "(954)060-1066",
		"BirthDate": "8/6/1985",
		"JobTitle": "Financial trader",
		"OrganizationID": "7Cb3AeFcE4Ba31e"
		},
		{
		"UserID": "2EFC6A4e77FaEaC",
		"FirstName": "Ricardo",
		"LastName": "Hinton",
		"Sex": "Male",
		"Email": "wyattbishop@example.com",
		"Phone": "447-699-8612",
		"BirthDate": "3/26/1974",
		"JobTitle": "Hydrogeologist",
		"OrganizationID": "7Cb3AeFcE4Ba31e"
		}

	]
}},
	{
	"Organization": {
		"OrganizationID": "cC757116fe1C085",
		"Name": "Henry-Thompson",
		"Website": "http://morse.net/",
		"Country": "Bahamas",
		"Description": "Face-to-face well-modulated customer loyalty",
		"Founded": "1992",
		"Industry": "Primary / Secondary Education",
		"NumberEmployees": "4914"
,
	"Employees": [
		{
		"UserID": "5d2feAfbdCAA6B5",
		"FirstName": "Isaiah",
		"LastName": "Camacho",
		"Sex": "Female",
		"Email": "jimblake@example.org",
		"Phone": "536-544-3367",
		"BirthDate": "4/7/1966",
		"JobTitle": "Food technologist",
		"OrganizationID": "cC757116fe1C085"
		}

	]
}},
	{
	"Organization": {
		"OrganizationID": "6883A965c7b68F7",
		"Name": "Hahn PLC",
		"Website": "http://newman.com/",
		"Country": "Belarus",
		"Description": "Organic logistical leverage",
		"Founded": "2012",
		"Industry": "Electrical / Electronic Manufacturing",
		"NumberEmployees": "3715"
,
	"Employees": [
		{
		"UserID": "66F096D36Ebae11",
		"FirstName": "Judy",
		"LastName": "Buckley",
		"Sex": "Male",
		"Email": "irosales@example.net",
		"Phone": "001-654-5283",
		"BirthDate": "7/28/1963",
		"JobTitle": "Art gallery manager",
		"OrganizationID": "6883A965c7b68F7"
		},
		{
		"UserID": "F0fE2faAd78F8b5",
		"FirstName": "Norman",
		"LastName": "Weber",
		"Sex": "Male",
		"Email": "mconrad@example.com",
		"Phone": "223-002-0429",
		"BirthDate": "5/21/1987",
		"JobTitle": "Gaffer",
		"OrganizationID": "6883A965c7b68F7"
		},
		{
		"UserID": "bff9853aFAeF772",
		"FirstName": "Douglas",
		"LastName": "Reese",
		"Sex": "Female",
		"Email": "nixonvanessa@example.net",
		"Phone": "834-660-9864",
		"BirthDate": "11/11/1969",
		"JobTitle": "Higher education lecturer",
		"OrganizationID": "6883A965c7b68F7"
		}

	]
}},
	{
	"Organization": {
		"OrganizationID": "5Ec4C272bCf085c",
		"Name": "Robbins-Cummings",
		"Website": "http://donaldson-wilkins.com/",
		"Country": "Belgium",
		"Description": "Organic non-volatile hierarchy",
		"Founded": "1991",
		"Industry": "Pharmaceuticals",
		"NumberEmployees": "5038"
,
	"Employees": [

	]
}},
	{
	"Organization": {
		"OrganizationID": "235fdEFE2cfDa5F",
		"Name": "Brock-Blackwell",
		"Website": "http://www.small.com/",
		"Country": "Benin",
		"Description": "Secured foreground emulation",
		"Founded": "1986",
		"Industry": "Online Publishing",
		"NumberEmployees": "7034"
,
	"Employees": [
		{
		"UserID": "E47FB71DD9ACCd9",
		"FirstName": "Joshua",
		"LastName": "Sweeney",
		"Sex": "Male",
		"Email": "daisymcgee@example.net",
		"Phone": "875-994-2535",
		"BirthDate": "7/28/1974",
		"JobTitle": "Education officer, museum",
		"OrganizationID": "235fdEFE2cfDa5F"
		},
		{
		"UserID": "88F7B33d2bcf9f5",
		"FirstName": "Shelby",
		"LastName": "Terrell",
		"Sex": "Male",
		"Email": "elijah57@example.net",
		"Phone": "084-906-7358",
		"BirthDate": "10/26/1985",
		"JobTitle": "Games developer",
		"OrganizationID": "235fdEFE2cfDa5F"
		}

	]
}},
	{
	"Organization": {
		"OrganizationID": "dfcA1c84AdB61Ac",
		"Name": "Mccall-Holmes",
		"Website": "http://www.dean.com/",
		"Country": "Benin",
		"Description": "Object-based value-added database",
		"Founded": "2009",
		"Industry": "Legal Services",
		"NumberEmployees": "696"
,
	"Employees": [

	]
}},
	{
	"Organization": {
		"OrganizationID": "7ABc3c7ecA03B34",
		"Name": "Sampson-Griffith",
		"Website": "http://hendricks.org/",
		"Country": "Benin",
		"Description": "Multi-layered composite paradigm",
		"Founded": "1972",
		"Industry": "Textiles",
		"NumberEmployees": "3881"
,
	"Employees": [
		{
		"UserID": "d181FFB7d3E68bb",
		"FirstName": "Xavier",
		"LastName": "Cole",
		"Sex": "Male",
		"Email": "nicolas90@example.org",
		"Phone": "816-425-9975",
		"BirthDate": "11/29/1978",
		"JobTitle": "Financial planner",
		"OrganizationID": "7ABc3c7ecA03B34"
		}

	]
}},
	{
	"Organization": {
		"OrganizationID": "4D4d7E18321eaeC",
		"Name": "Pineda-Cox",
		"Website": "http://aguilar.org/",
		"Country": "Bolivia",
		"Description": "Fundamental asynchronous capability",
		"Founded": "2010",
		"Industry": "Human Resources / HR",
		"NumberEmployees": "1312"
,
	"Employees": [

	]
}},
	{
	"Organization": {
		"OrganizationID": "ba179F19F7925f5",
		"Name": "Branch-Mann",
		"Website": "http://www.lozano.com/",
		"Country": "Botswana",
		"Description": "Adaptive intangible frame",
		"Founded": "1999",
		"Industry": "Architecture / Planning",
		"NumberEmployees": "7961"
,
	"Employees": [
		{
		"UserID": "AdEd6cfD85DeC46",
		"FirstName": "Jermaine",
		"LastName": "Reid",
		"Sex": "Female",
		"Email": "vpaul@example.com",
		"Phone": "(742)214-8691",
		"BirthDate": "8/18/1974",
		"JobTitle": "Newspaper journalist",
		"OrganizationID": "ba179F19F7925f5"
		}

	]
}},
	{
	"Organization": {
		"OrganizationID": "AE61b8Ffebbc476",
		"Name": "Kidd Group",
		"Website": "http://www.lyons.com/",
		"Country": "Bouvet Island (Bouvetoya)",
		"Description": "Proactive foreground paradigm",
		"Founded": "2001",
		"Industry": "Primary / Secondary Education",
		"NumberEmployees": "7473"
,
	"Employees": [
		{
		"UserID": "DbeAb8CcdfeFC2c",
		"FirstName": "Kristine",
		"LastName": "Travis",
		"Sex": "Male",
		"Email": "bthompson@example.com",
		"Phone": "277-609-7938",
		"BirthDate": "7/2/1992",
		"JobTitle": "Homeopath",
		"OrganizationID": "AE61b8Ffebbc476"
		},
		{
		"UserID": "cBbBcA0FCA3C4Bc",
		"FirstName": "Randy",
		"LastName": "Barnes",
		"Sex": "Male",
		"Email": "huangbill@example.org",
		"Phone": "960-629-7214",
		"BirthDate": "12/30/1977",
		"JobTitle": "Outdoor activities/education manager",
		"OrganizationID": "AE61b8Ffebbc476"
		}

	]
}},
	{
	"Organization": {
		"OrganizationID": "055ffEfB2Dd95B0",
		"Name": "Riley Ltd",
		"Website": "http://wiley.com/",
		"Country": "Brazil",
		"Description": "Optional exuding superstructure",
		"Founded": "1986",
		"Industry": "Textiles",
		"NumberEmployees": "9315"
,
	"Employees": [
		{
		"UserID": "b6a35de5CB6fc25",
		"FirstName": "Cynthia",
		"LastName": "Wiggins",
		"Sex": "Female",
		"Email": "rosariodave@example.org",
		"Phone": "(110)858-7190",
		"BirthDate": "1/27/1984",
		"JobTitle": "Outdoor activities/education manager",
		"OrganizationID": "055ffEfB2Dd95B0"
		}

	]
}},
	{
	"Organization": {
		"OrganizationID": "F4Dc1417BC6cb8f",
		"Name": "Gilbert-Simon",
		"Website": "https://www.bradford.biz/",
		"Country": "Burundi",
		"Description": "Grass-roots radical parallelism",
		"Founded": "1973",
		"Industry": "Newspapers / Journalism",
		"NumberEmployees": "1927"
,
	"Employees": [
		{
		"UserID": "88473e15D5c3cD0",
		"FirstName": "Jared",
		"LastName": "Mitchell",
		"Sex": "Female",
		"Email": "jcortez@example.com",
		"Phone": "878-241-8587",
		"BirthDate": "1/18/1991",
		"JobTitle": "Paediatric nurse",
		"OrganizationID": "F4Dc1417BC6cb8f"
		}

	]
}},
	{
	"Organization": {
		"OrganizationID": "FEC51bce8421a7b",
		"Name": "Roberson, Pennington and Palmer",
		"Website": "http://www.keith-fisher.com/",
		"Country": "Cameroon",
		"Description": "Adaptive bi-directional hierarchy",
		"Founded": "1993",
		"Industry": "Telecommunications",
		"NumberEmployees": "5571"
,
	"Employees": [
		{
		"UserID": "9F5DeD7aD228F5a",
		"FirstName": "Beverly",
		"LastName": "Esparza",
		"Sex": "Female",
		"Email": "iphelps@example.net",
		"Phone": "327-578-8771",
		"BirthDate": "12/9/1973",
		"JobTitle": "Passenger transport manager",
		"OrganizationID": "FEC51bce8421a7b"
		}

	]
}},
	{
	"Organization": {
		"OrganizationID": "7b3fe6e7E72bFa4",
		"Name": "Berg-Sparks",
		"Website": "https://cisneros-love.com/",
		"Country": "Canada",
		"Description": "Stand-alone static implementation",
		"Founded": "1974",
		"Industry": "Arts / Crafts",
		"NumberEmployees": "2073"
,
	"Employees": [
		{
		"UserID": "D3Fa0220dDE4d36",
		"FirstName": "Nathaniel",
		"LastName": "Rivas",
		"Sex": "Female",
		"Email": "roberto29@example.com",
		"Phone": "(655)887-204-3788",
		"BirthDate": "11/17/1978",
		"JobTitle": "Call centre manager",
		"OrganizationID": "7b3fe6e7E72bFa4"
		}

	]
}},
	{
	"Organization": {
		"OrganizationID": "dF084FbBb613eea",
		"Name": "Walls LLC",
		"Website": "http://www.reese-vasquez.biz/",
		"Country": "Cape Verde",
		"Description": "Self-enabling fresh-thinking installation",
		"Founded": "1989",
		"Industry": "Investment Management / Hedge Fund / Private Equity",
		"NumberEmployees": "1678"
,
	"Employees": [

	]
}},
	{
	"Organization": {
		"OrganizationID": "B9BdfEB6D3Ca44E",
		"Name": "Sampson Ltd",
		"Website": "https://blevins.com/",
		"Country": "Cayman Islands",
		"Description": "Intuitive local adapter",
		"Founded": "2005",
		"Industry": "Farming",
		"NumberEmployees": "1418"
,
	"Employees": [

	]
}},
	{
	"Organization": {
		"OrganizationID": "ccBcC32adcbc530",
		"Name": "Sloan, Mays and Whitehead",
		"Website": "http://lawson.com/",
		"Country": "Chad",
		"Description": "Face-to-face high-level conglomeration",
		"Founded": "1997",
		"Industry": "Civil Engineering",
		"NumberEmployees": "365"
,
	"Employees": [

	]
}},
	{
	"Organization": {
		"OrganizationID": "0bFED1ADAE4bcC1",
		"Name": "Hester Ltd",
		"Website": "http://sullivan-reed.com/",
		"Country": "China",
		"Description": "Switchable scalable moratorium",
		"Founded": "1971",
		"Industry": "Public Safety",
		"NumberEmployees": "5287"
,
	"Employees": [
		{
		"UserID": "bE9EEf34cB72AF7",
		"FirstName": "Katherine",
		"LastName": "Buck",
		"Sex": "Female",
		"Email": "conniecowan@example.com",
		"Phone": "773-151-9162",
		"BirthDate": "1/22/1989",
		"JobTitle": "Intelligence analyst",
		"OrganizationID": "0bFED1ADAE4bcC1"
		}

	]
}},
	{
	"Organization": {
		"OrganizationID": "88b1f1cDcf59a37",
		"Name": "Prince-David",
		"Website": "http://thompson.com/",
		"Country": "Christmas Island",
		"Description": "Virtual holistic methodology",
		"Founded": "1970",
		"Industry": "Banking / Mortgage",
		"NumberEmployees": "1046"
,
	"Employees": [

	]
}},
	{
	"Organization": {
		"OrganizationID": "B97a6CF9bf5983C",
		"Name": "Davila Inc",
		"Website": "https://mcconnell.info/",
		"Country": "Cocos (Keeling) Islands",
		"Description": "Profit-focused dedicated frame",
		"Founded": "2017",
		"Industry": "Consumer Electronics",
		"NumberEmployees": "2215"
,
	"Employees": [
		{
		"UserID": "cEf02C076afa07f",
		"FirstName": "Larry",
		"LastName": "Harper",
		"Sex": "Male",
		"Email": "maria32@example.org",
		"Phone": "244-630-7121",
		"BirthDate": "5/5/1988",
		"JobTitle": "Scientist, water quality",
		"OrganizationID": "B97a6CF9bf5983C"
		}

	]
}},
	{
	"Organization": {
		"OrganizationID": "EF5B55FadccB8Fe",
		"Name": "Charles-Phillips",
		"Website": "https://bowman.com/",
		"Country": "Cote d'Ivoire",
		"Description": "Monitored client-server implementation",
		"Founded": "2012",
		"Industry": "Mental Health Care",
		"NumberEmployees": "3450"
,
	"Employees": [
		{
		"UserID": "dBCEf340C3657Eb",
		"FirstName": "Caitlyn",
		"LastName": "Frey",
		"Sex": "Male",
		"Email": "rivasdominique@example.org",
		"Phone": "805-021-6344",
		"BirthDate": "1/26/1968",
		"JobTitle": "Jewellery designer",
		"OrganizationID": "EF5B55FadccB8Fe"
		},
		{
		"UserID": "DAf111987098ae4",
		"FirstName": "Regina",
		"LastName": "Stevens",
		"Sex": "Male",
		"Email": "xpoole@example.net",
		"Phone": "891-359-2684",
		"BirthDate": "11/28/1972",
		"JobTitle": "Public house manager",
		"OrganizationID": "EF5B55FadccB8Fe"
		}

	]
}},
	{
	"Organization": {
		"OrganizationID": "f8D4B99e11fAF5D",
		"Name": "Odom Ltd",
		"Website": "https://www.humphrey-hess.com/",
		"Country": "Cote d'Ivoire",
		"Description": "Advanced static process improvement",
		"Founded": "2012",
		"Industry": "Management Consulting",
		"NumberEmployees": "1825"
,
	"Employees": [
		{
		"UserID": "bB9e49E506F65ed",
		"FirstName": "Shari",
		"LastName": "Daugherty",
		"Sex": "Male",
		"Email": "kalvarado@example.org",
		"Phone": "951-655-6124",
		"BirthDate": "11/24/1984",
		"JobTitle": "Curator",
		"OrganizationID": "f8D4B99e11fAF5D"
		}

	]
}},
	{
	"Organization": {
		"OrganizationID": "cBa7EFe5D05Adaf",
		"Name": "Crawford-Rivera",
		"Website": "https://black-ramirez.org/",
		"Country": "Cuba",
		"Description": "Persevering exuding budgetary management",
		"Founded": "1999",
		"Industry": "Online Publishing",
		"NumberEmployees": "7805"
,
	"Employees": [
		{
		"UserID": "8Ef7DBfcaB02b6B",
		"FirstName": "Bonnie",
		"LastName": "Andrews",
		"Sex": "Female",
		"Email": "caitlin24@example.net",
		"Phone": "253-987-9161",
		"BirthDate": "12/21/1983",
		"JobTitle": "Seismic interpreter",
		"OrganizationID": "cBa7EFe5D05Adaf"
		}

	]
}},
	{
	"Organization": {
		"OrganizationID": "4B217cC5a0674C5",
		"Name": "Dickson, Richmond and Clay",
		"Website": "http://everett.com/",
		"Country": "Czech Republic",
		"Description": "Team-oriented tangible complexity",
		"Founded": "1980",
		"Industry": "Real Estate / Mortgage",
		"NumberEmployees": "3122"
,
	"Employees": [
		{
		"UserID": "311D775990f066d",
		"FirstName": "Frank",
		"LastName": "Meadows",
		"Sex": "Male",
		"Email": "gbrewer@example.org",
		"Phone": "965-392-4847",
		"BirthDate": "9/16/1995",
		"JobTitle": "Audiological scientist",
		"OrganizationID": "4B217cC5a0674C5"
		},
		{
		"UserID": "Ee4eB129dC7913A",
		"FirstName": "Becky",
		"LastName": "Brady",
		"Sex": "Male",
		"Email": "erikmueller@example.org",
		"Phone": "(390)002-0863",
		"BirthDate": "6/27/1977",
		"JobTitle": "Seismic interpreter",
		"OrganizationID": "4B217cC5a0674C5"
		}

	]
}},
	{
	"Organization": {
		"OrganizationID": "eb3B7D06cCdD609",
		"Name": "Crane-Clarke",
		"Website": "https://www.sandoval.com/",
		"Country": "Denmark",
		"Description": "Front-line clear-thinking encryption",
		"Founded": "2014",
		"Industry": "Food / Beverages",
		"NumberEmployees": "9011"
,
	"Employees": [
		{
		"UserID": "aa614aAE4B7Cf0C",
		"FirstName": "Leonard",
		"LastName": "Hurst",
		"Sex": "Male",
		"Email": "clinton78@example.org",
		"Phone": "941-038-3880",
		"BirthDate": "3/13/1988",
		"JobTitle": "Accountant, chartered management",
		"OrganizationID": "eb3B7D06cCdD609"
		},
		{
		"UserID": "5834700fbEd2771",
		"FirstName": "Chelsea",
		"LastName": "Dickson",
		"Sex": "Male",
		"Email": "johnnyhendricks@example.net",
		"Phone": "098-651-0138",
		"BirthDate": "5/13/1978",
		"JobTitle": "Teacher, early years/pre",
		"OrganizationID": "eb3B7D06cCdD609"
		}

	]
}},
	{
	"Organization": {
		"OrganizationID": "bC0CEd48A8000E0",
		"Name": "Velazquez-Odom",
		"Website": "https://stokes.com/",
		"Country": "Djibouti",
		"Description": "Streamlined 6thgeneration function",
		"Founded": "2002",
		"Industry": "Alternative Dispute Resolution",
		"NumberEmployees": "4044"
,
	"Employees": [
		{
		"UserID": "f3BD2cBF7eEb6df",
		"FirstName": "Danielle",
		"LastName": "Estrada",
		"Sex": "Female",
		"Email": "jvang@example.org",
		"Phone": "(890)374-951-4772",
		"BirthDate": "7/9/1973",
		"JobTitle": "Accountant, chartered management",
		"OrganizationID": "bC0CEd48A8000E0"
		},
		{
		"UserID": "3f3a3D89ad042Dd",
		"FirstName": "Harry",
		"LastName": "Medina",
		"Sex": "Female",
		"Email": "olsenmalik@example.net",
		"Phone": "746-994-6354",
		"BirthDate": "8/24/1987",
		"JobTitle": "Technical sales engineer",
		"OrganizationID": "bC0CEd48A8000E0"
		}

	]
}},
	{
	"Organization": {
		"OrganizationID": "dEbDAAeDfaed00A",
		"Name": "Rowe and Sons",
		"Website": "https://www.simpson.org/",
		"Country": "El Salvador",
		"Description": "Balanced multimedia knowledgebase",
		"Founded": "1978",
		"Industry": "Facilities Services",
		"NumberEmployees": "8172"
,
	"Employees": [
		{
		"UserID": "CEFA7BBCef013AE",
		"FirstName": "Kirk",
		"LastName": "Walsh",
		"Sex": "Female",
		"Email": "stephenfuller@example.org",
		"Phone": "001-826-4661",
		"BirthDate": "4/8/2001",
		"JobTitle": "Accounting technician",
		"OrganizationID": "dEbDAAeDfaed00A"
		},
		{
		"UserID": "Ed724605A403D91",
		"FirstName": "Kelli",
		"LastName": "Garner",
		"Sex": "Male",
		"Email": "jodyvincent@example.org",
		"Phone": "995-421-7982",
		"BirthDate": "1/17/1970",
		"JobTitle": "Retail banker",
		"OrganizationID": "dEbDAAeDfaed00A"
		},
		{
		"UserID": "2b0Ab1Dc9E01D7E",
		"FirstName": "Dustin",
		"LastName": "Bailey",
		"Sex": "Male",
		"Email": "pbarron@example.net",
		"Phone": "965-621-1345",
		"BirthDate": "8/22/1978",
		"JobTitle": "Travel agency manager",
		"OrganizationID": "dEbDAAeDfaed00A"
		}

	]
}},
	{
	"Organization": {
		"OrganizationID": "cBfe4dbAE1699da",
		"Name": "Erickson, Andrews and Bailey",
		"Website": "https://www.hobbs-grant.com/",
		"Country": "Eritrea",
		"Description": "Vision-oriented secondary project",
		"Founded": "2014",
		"Industry": "Consumer Electronics",
		"NumberEmployees": "7829"
,
	"Employees": [
		{
		"UserID": "BF0BbA03C29Bb3b",
		"FirstName": "Sheila",
		"LastName": "Ross",
		"Sex": "Female",
		"Email": "huangcathy@example.com",
		"Phone": "895-881-4746",
		"BirthDate": "3/20/2003",
		"JobTitle": "Advertising account executive",
		"OrganizationID": "cBfe4dbAE1699da"
		},
		{
		"UserID": "1bA7A3dc874da3c",
		"FirstName": "Lori",
		"LastName": "Todd",
		"Sex": "Male",
		"Email": "buchananmanuel@example.net",
		"Phone": "689-207-3533",
		"BirthDate": "12/1/1998",
		"JobTitle": "Veterinary surgeon",
		"OrganizationID": "cBfe4dbAE1699da"
		}

	]
}},
	{
	"Organization": {
		"OrganizationID": "ED889CB2FE9cbd3",
		"Name": "Huang and Sons",
		"Website": "https://www.bolton.com/",
		"Country": "Eritrea",
		"Description": "Re-contextualized dynamic hierarchy",
		"Founded": "1981",
		"Industry": "Semiconductors",
		"NumberEmployees": "7484"
,
	"Employees": [
		{
		"UserID": "1F0B7D65A00DAF9",
		"FirstName": "Crystal",
		"LastName": "Farmer",
		"Sex": "Male",
		"Email": "pmiranda@example.org",
		"Phone": "657-668-5791",
		"BirthDate": "3/9/1992",
		"JobTitle": "Agricultural consultant",
		"OrganizationID": "ED889CB2FE9cbd3"
		},
		{
		"UserID": "F738c69fB34E62E",
		"FirstName": "Stacy",
		"LastName": "Newton",
		"Sex": "Male",
		"Email": "rayleroy@example.org",
		"Phone": "710-673-0335",
		"BirthDate": "10/20/1980",
		"JobTitle": "Warden/ranger",
		"OrganizationID": "ED889CB2FE9cbd3"
		}

	]
}},
	{
	"Organization": {
		"OrganizationID": "0a0bfFbBbB8eC7c",
		"Name": "Holmes Group",
		"Website": "https://mcdowell.org/",
		"Country": "Ethiopia",
		"Description": "Right-sized zero tolerance focus group",
		"Founded": "1975",
		"Industry": "Photography",
		"NumberEmployees": "2988"
,
	"Employees": [
		{
		"UserID": "feaBf8dAE0C0d6F",
		"FirstName": "Dillon",
		"LastName": "Guzman",
		"Sex": "Female",
		"Email": "angelanavarro@example.net",
		"Phone": "971-992-4521",
		"BirthDate": "4/1/1992",
		"JobTitle": "Air broker",
		"OrganizationID": "0a0bfFbBbB8eC7c"
		},
		{
		"UserID": "e75e5DBfcb68887",
		"FirstName": "Sandra",
		"LastName": "Wu",
		"Sex": "Male",
		"Email": "ubanks@example.com",
		"Phone": "096-645-8067",
		"BirthDate": "4/28/1975",
		"JobTitle": "Warehouse manager",
		"OrganizationID": "0a0bfFbBbB8eC7c"
		}

	]
}},
	{
	"Organization": {
		"OrganizationID": "5DCb8A5a5ca03c0",
		"Name": "Floyd Ltd",
		"Website": "http://www.whitney.com/",
		"Country": "Falkland Islands (Malvinas)",
		"Description": "Function-based fault-tolerant concept",
		"Founded": "2017",
		"Industry": "Public Relations / PR",
		"NumberEmployees": "2911"
,
	"Employees": [
		{
		"UserID": "6Dec5b5542F8ed8",
		"FirstName": "Brandon",
		"LastName": "Schmidt",
		"Sex": "Female",
		"Email": "mconley@example.net",
		"Phone": "386-673-1456",
		"BirthDate": "5/12/1991",
		"JobTitle": "Engineer, biomedical",
		"OrganizationID": "5DCb8A5a5ca03c0"
		},
		{
		"UserID": "bfDD7CDEF5D865B",
		"FirstName": "Erin",
		"LastName": "Day",
		"Sex": "Male",
		"Email": "tconner@example.org",
		"Phone": "171-649-5553",
		"BirthDate": "10/28/1970",
		"JobTitle": "Waste management officer",
		"OrganizationID": "5DCb8A5a5ca03c0"
		}

	]
}},
	{
	"Organization": {
		"OrganizationID": "E7df80C60Abd7f9",
		"Name": "Clements-Espinoza",
		"Website": "http://www.flowers.net/",
		"Country": "Falkland Islands (Malvinas)",
		"Description": "Progressive modular hub",
		"Founded": "1991",
		"Industry": "Broadcast Media",
		"NumberEmployees": "236"
,
	"Employees": [
		{
		"UserID": "8e4FB470FE19bF0",
		"FirstName": "Isaiah",
		"LastName": "Downs",
		"Sex": "Male",
		"Email": "virginiaterrell@example.org",
		"Phone": "511-372-1206",
		"BirthDate": "9/20/1964",
		"JobTitle": "Engineer, site",
		"OrganizationID": "E7df80C60Abd7f9"
		},
		{
		"UserID": "dBfA17Aaf16b4ab",
		"FirstName": "Veronica",
		"LastName": "Briggs",
		"Sex": "Female",
		"Email": "weissbridget@example.com",
		"Phone": "521-589-4840",
		"BirthDate": "6/8/1974",
		"JobTitle": "Structural engineer",
		"OrganizationID": "E7df80C60Abd7f9"
		}

	]
}},
	{
	"Organization": {
		"OrganizationID": "6A7EdDEA9FaDC52",
		"Name": "Mckinney, Riley and Day",
		"Website": "http://www.hall-buchanan.info/",
		"Country": "Finland",
		"Description": "User-centric system-worthy leverage",
		"Founded": "2015",
		"Industry": "Glass / Ceramics / Concrete",
		"NumberEmployees": "4952"
,
	"Employees": [
		{
		"UserID": "F0d3bD1aaf9E3Bc",
		"FirstName": "Tamara",
		"LastName": "Hull",
		"Sex": "Male",
		"Email": "meagan39@example.net",
		"Phone": "017-665-7944",
		"BirthDate": "1/31/1983",
		"JobTitle": "English as a second language teacher",
		"OrganizationID": "6A7EdDEA9FaDC52"
		},
		{
		"UserID": "7D0AcBF6CCac3fd",
		"FirstName": "Matthew",
		"LastName": "Stone",
		"Sex": "Female",
		"Email": "evelyn31@example.org",
		"Phone": "952-381-6360",
		"BirthDate": "8/23/1977",
		"JobTitle": "Scientist, clinical (histocompatibility and immunogenetics)",
		"OrganizationID": "6A7EdDEA9FaDC52"
		},
		{
		"UserID": "ACcde95AAe3e6cC",
		"FirstName": "Gene",
		"LastName": "Rich",
		"Sex": "Female",
		"Email": "luisdeleon@example.org",
		"Phone": "356-818-8957",
		"BirthDate": "8/22/1996",
		"JobTitle": "Surveyor, quantity",
		"OrganizationID": "6A7EdDEA9FaDC52"
		}

	]
}},
	{
	"Organization": {
		"OrganizationID": "7D9FBF85cdC3871",
		"Name": "Lawson and Sons",
		"Website": "https://www.wong.com/",
		"Country": "French Southern Territories",
		"Description": "Compatible analyzing intranet",
		"Founded": "2021",
		"Industry": "Arts / Crafts",
		"NumberEmployees": "3527"
,
	"Employees": [
		{
		"UserID": "eA3fDd79BE9f0E7",
		"FirstName": "Heidi",
		"LastName": "Escobar",
		"Sex": "Female",
		"Email": "staffordtravis@example.net",
		"Phone": "601-155-1131",
		"BirthDate": "9/25/1991",
		"JobTitle": "Estate manager/land agent",
		"OrganizationID": "7D9FBF85cdC3871"
		},
		{
		"UserID": "c5B09fb33e8bA0A",
		"FirstName": "Alfred",
		"LastName": "Mcneil",
		"Sex": "Female",
		"Email": "cassandramorris@example.com",
		"Phone": "(468)276-3058",
		"BirthDate": "5/28/1993",
		"JobTitle": "Systems analyst",
		"OrganizationID": "7D9FBF85cdC3871"
		}

	]
}},
	{
	"Organization": {
		"OrganizationID": "49aECbDaE6aBD53",
		"Name": "Wallace, Madden and Morris",
		"Website": "http://www.blevins-fernandez.biz/",
		"Country": "Germany",
		"Description": "Persistent real-time customer loyalty",
		"Founded": "2016",
		"Industry": "Pharmaceuticals",
		"NumberEmployees": "9443"
,
	"Employees": [
		{
		"UserID": "50Bb061cB30B461",
		"FirstName": "Thomas",
		"LastName": "Knight",
		"Sex": "Female",
		"Email": "braunpriscilla@example.net",
		"Phone": "684-224-2005",
		"BirthDate": "2/18/1988",
		"JobTitle": "Sport and exercise psychologist",
		"OrganizationID": "49aECbDaE6aBD53"
		}

	]
}},
	{
	"Organization": {
		"OrganizationID": "4e0719FBE38e0aB",
		"Name": "Miles-Dominguez",
		"Website": "http://www.turner.com/",
		"Country": "Gibraltar",
		"Description": "Organized empowering forecast",
		"Founded": "1996",
		"Industry": "Civic / Social Organization",
		"NumberEmployees": "897"
,
	"Employees": [
		{
		"UserID": "b8D0aD3490FC7e1",
		"FirstName": "Mariah",
		"LastName": "Bernard",
		"Sex": "Male",
		"Email": "pcopeland@example.org",
		"Phone": "(341)594-655-4657",
		"BirthDate": "11/15/2001",
		"JobTitle": "IT sales professional",
		"OrganizationID": "4e0719FBE38e0aB"
		},
		{
		"UserID": "3Fb8a7f68e12784",
		"FirstName": "Jackson",
		"LastName": "Sparks",
		"Sex": "Female",
		"Email": "reynoldsdarryl@example.net",
		"Phone": "(137)908-6535",
		"BirthDate": "11/18/1980",
		"JobTitle": "Set designer",
		"OrganizationID": "4e0719FBE38e0aB"
		}

	]
}},
	{
	"Organization": {
		"OrganizationID": "decab0D5027CA6a",
		"Name": "Arroyo Inc",
		"Website": "https://www.turner.com/",
		"Country": "Grenada",
		"Description": "Managed demand-driven website",
		"Founded": "2006",
		"Industry": "Writing / Editing",
		"NumberEmployees": "9067"
,
	"Employees": [
		{
		"UserID": "b759b74BD1dE80d",
		"FirstName": "Bridget",
		"LastName": "Nash",
		"Sex": "Female",
		"Email": "mercedes44@example.com",
		"Phone": "(216)627-8359",
		"BirthDate": "6/28/1974",
		"JobTitle": "Social worker",
		"OrganizationID": "decab0D5027CA6a"
		}

	]
}},
	{
	"Organization": {
		"OrganizationID": "Aad86a4F0385F2d",
		"Name": "Harrell LLC",
		"Website": "http://www.frey-rosario.com/",
		"Country": "Guadeloupe",
		"Description": "Reverse-engineered mission-critical moratorium",
		"Founded": "2018",
		"Industry": "Construction",
		"NumberEmployees": "2185"
,
	"Employees": [
		{
		"UserID": "5eFda7caAeB260E",
		"FirstName": "Dennis",
		"LastName": "Barnes",
		"Sex": "Female",
		"Email": "bmartin@example.org",
		"Phone": "095-524-2257",
		"BirthDate": "7/30/1984",
		"JobTitle": "Software engineer",
		"OrganizationID": "Aad86a4F0385F2d"
		}

	]
}},
	{
	"Organization": {
		"OrganizationID": "19E3a5Bf6dBDc4F",
		"Name": "Cuevas-Moss",
		"Website": "https://dodson-castaneda.net/",
		"Country": "Guatemala",
		"Description": "Extended human-resource intranet",
		"Founded": "1994",
		"Industry": "Music",
		"NumberEmployees": "9995"
,
	"Employees": [

	]
}},
	{
	"Organization": {
		"OrganizationID": "32BB9Ff4d939788",
		"Name": "Duffy-Levy",
		"Website": "https://www.potter.com/",
		"Country": "Guernsey",
		"Description": "Diverse exuding installation",
		"Founded": "1982",
		"Industry": "Wireless",
		"NumberEmployees": "6146"
,
	"Employees": [

	]
}},
	{
	"Organization": {
		"OrganizationID": "ccc93DCF81a31CD",
		"Name": "Mcintosh-Mora",
		"Website": "https://www.brooks.com/",
		"Country": "Heard Island and McDonald Islands",
		"Description": "Centralized attitude-oriented capability",
		"Founded": "1970",
		"Industry": "Import / Export",
		"NumberEmployees": "4389"
,
	"Employees": [

	]
}},
	{
	"Organization": {
		"OrganizationID": "b5D10A14f7a8AfE",
		"Name": "Hodge-Ayers",
		"Website": "http://www.archer-elliott.com/",
		"Country": "Honduras",
		"Description": "Future-proofed radical implementation",
		"Founded": "1990",
		"Industry": "Facilities Services",
		"NumberEmployees": "8508"
,
	"Employees": [
		{
		"UserID": "F0aeC9c2759F3C6",
		"FirstName": "Alison",
		"LastName": "Nixon",
		"Sex": "Female",
		"Email": "zmiles@example.net",
		"Phone": "350-668-0871",
		"BirthDate": "7/10/1981",
		"JobTitle": "Patent attorney",
		"OrganizationID": "b5D10A14f7a8AfE"
		}

	]
}},
	{
	"Organization": {
		"OrganizationID": "AC5B7AA74Aa4A2E",
		"Name": "Valentine, Ferguson and Kramer",
		"Website": "http://stuart.net/",
		"Country": "Jersey",
		"Description": "Centralized secondary time-frame",
		"Founded": "1997",
		"Industry": "Non - Profit / Volunteering",
		"NumberEmployees": "3585"
,
	"Employees": [
		{
		"UserID": "0f8deedb629A5f6",
		"FirstName": "Grace",
		"LastName": "Phelps",
		"Sex": "Male",
		"Email": "clarkeangela@example.net",
		"Phone": "(034)867-882-6777",
		"BirthDate": "10/15/1989",
		"JobTitle": "Petroleum engineer",
		"OrganizationID": "AC5B7AA74Aa4A2E"
		}

	]
}},
	{
	"Organization": {
		"OrganizationID": "485f5d06B938F2b",
		"Name": "Baker, Mccann and Macdonald",
		"Website": "http://www.anderson-barker.com/",
		"Country": "Kenya",
		"Description": "Cross-group user-facing focus group",
		"Founded": "2013",
		"Industry": "Legislative Office",
		"NumberEmployees": "1638"
,
	"Employees": [
		{
		"UserID": "9Df5Ba591bF3EFf",
		"FirstName": "Mike",
		"LastName": "Ward",
		"Sex": "Female",
		"Email": "imccullough@example.com",
		"Phone": "116-729-5046",
		"BirthDate": "11/9/1967",
		"JobTitle": "Hydrologist",
		"OrganizationID": "485f5d06B938F2b"
		},
		{
		"UserID": "6a53a8D41dDF6de",
		"FirstName": "Ryan",
		"LastName": "Benton",
		"Sex": "Male",
		"Email": "lopezdebbie@example.org",
		"Phone": "695-557-9485",
		"BirthDate": "10/6/1982",
		"JobTitle": "Physiological scientist",
		"OrganizationID": "485f5d06B938F2b"
		}

	]
}},
	{
	"Organization": {
		"OrganizationID": "c1Ce9B350BAc66b",
		"Name": "Weiss and Sons",
		"Website": "https://barrett.com/",
		"Country": "Korea",
		"Description": "Sharable optimal functionalities",
		"Founded": "2011",
		"Industry": "Plastics",
		"NumberEmployees": "5984"
,
	"Employees": [
		{
		"UserID": "aF0eE4547Bc025c",
		"FirstName": "Brian",
		"LastName": "Oconnell",
		"Sex": "Female",
		"Email": "saralong@example.net",
		"Phone": "952-283-1733",
		"BirthDate": "10/23/1971",
		"JobTitle": "Physiotherapist",
		"OrganizationID": "c1Ce9B350BAc66b"
		},
		{
		"UserID": "b31D271F8c200AB",
		"FirstName": "Jacqueline",
		"LastName": "Norton",
		"Sex": "Female",
		"Email": "carias@example.net",
		"Phone": "819-309-9173",
		"BirthDate": "10/9/1982",
		"JobTitle": "Scientist, marine",
		"OrganizationID": "c1Ce9B350BAc66b"
		}

	]
}},
	{
	"Organization": {
		"OrganizationID": "7dd18Fb7cB07b65",
		"Name": "Mcguire, Mcconnell and Olsen",
		"Website": "https://melton-briggs.com/",
		"Country": "Korea",
		"Description": "Profound client-server frame",
		"Founded": "1988",
		"Industry": "Printing",
		"NumberEmployees": "8445"
,
	"Employees": [
		{
		"UserID": "Fac3BfFf0A3d03c",
		"FirstName": "Fred",
		"LastName": "Olsen",
		"Sex": "Female",
		"Email": "amyanderson@example.com",
		"Phone": "497-774-3053",
		"BirthDate": "4/10/1980",
		"JobTitle": "Archaeologist",
		"OrganizationID": "7dd18Fb7cB07b65"
		},
		{
		"UserID": "f90cD3E76f1A9b9",
		"FirstName": "Phillip",
		"LastName": "Summers",
		"Sex": "Female",
		"Email": "bethany14@example.com",
		"Phone": "214-112-6913",
		"BirthDate": "3/24/1990",
		"JobTitle": "Phytotherapist",
		"OrganizationID": "7dd18Fb7cB07b65"
		},
		{
		"UserID": "60FdBFd5e7BE8fF",
		"FirstName": "Debra",
		"LastName": "Payne",
		"Sex": "Female",
		"Email": "yolanda07@example.org",
		"Phone": "731-525-2593",
		"BirthDate": "8/20/1997",
		"JobTitle": "Special educational needs teacher",
		"OrganizationID": "7dd18Fb7cB07b65"
		}

	]
}},
	{
	"Organization": {
		"OrganizationID": "0B4F93aA06ED03e",
		"Name": "Carr Inc",
		"Website": "http://ross.com/",
		"Country": "Kuwait",
		"Description": "Distributed impactful customer loyalty",
		"Founded": "1996",
		"Industry": "Plastics",
		"NumberEmployees": "8167"
,
	"Employees": [
		{
		"UserID": "ddEc50e2A2e3a2B",
		"FirstName": "Brittney",
		"LastName": "Vega",
		"Sex": "Female",
		"Email": "ayalajose@example.net",
		"Phone": "945-739-8686",
		"BirthDate": "10/31/1973",
		"JobTitle": "Recycling officer",
		"OrganizationID": "0B4F93aA06ED03e"
		}

	]
}},
	{
	"Organization": {
		"OrganizationID": "9E6Acb51e3F9d6F",
		"Name": "Glass, Barrera and Turner",
		"Website": "https://dunlap.com/",
		"Country": "Kyrgyz Republic",
		"Description": "Multi-channeled 3rdgeneration open system",
		"Founded": "2020",
		"Industry": "Utilities",
		"NumberEmployees": "2610"
,
	"Employees": [
		{
		"UserID": "035eff50B9A0F24",
		"FirstName": "Melody",
		"LastName": "Cook",
		"Sex": "Male",
		"Email": "jeannovak@example.org",
		"Phone": "(826)792-7381",
		"BirthDate": "6/25/1983",
		"JobTitle": "Research scientist (life sciences)",
		"OrganizationID": "9E6Acb51e3F9d6F"
		}

	]
}},
	{
	"Organization": {
		"OrganizationID": "AFc285dbE2fEd24",
		"Name": "Mendez Inc",
		"Website": "https://www.burke.net/",
		"Country": "Kyrgyz Republic",
		"Description": "User-friendly exuding migration",
		"Founded": "1993",
		"Industry": "Education Management",
		"NumberEmployees": "339"
,
	"Employees": [
		{
		"UserID": "e92A191E345fA3A",
		"FirstName": "Tanya",
		"LastName": "Mckinney",
		"Sex": "Female",
		"Email": "vickihouston@example.com",
		"Phone": "(830)774-900-7086",
		"BirthDate": "3/12/2000",
		"JobTitle": "Information systems manager",
		"OrganizationID": "AFc285dbE2fEd24"
		},
		{
		"UserID": "CB19EafEbBfF9eC",
		"FirstName": "Mario",
		"LastName": "Vaughn",
		"Sex": "Male",
		"Email": "oblake@example.com",
		"Phone": "160-144-5276",
		"BirthDate": "7/8/1990",
		"JobTitle": "Research scientist (life sciences)",
		"OrganizationID": "AFc285dbE2fEd24"
		}

	]
}},
	{
	"Organization": {
		"OrganizationID": "A0B9d56e61070e3",
		"Name": "Beasley, Sims and Allison",
		"Website": "http://burke.info/",
		"Country": "Latvia",
		"Description": "Secured zero tolerance hub",
		"Founded": "1972",
		"Industry": "Facilities Services",
		"NumberEmployees": "6182"
,
	"Employees": [
		{
		"UserID": "CCbFce93d3720bE",
		"FirstName": "Steve",
		"LastName": "Patterson",
		"Sex": "Female",
		"Email": "latasha46@example.net",
		"Phone": "865-478-5157",
		"BirthDate": "4/29/1992",
		"JobTitle": "Barrister",
		"OrganizationID": "A0B9d56e61070e3"
		},
		{
		"UserID": "5F2f3fAca8B0946",
		"FirstName": "Darren",
		"LastName": "Andrews",
		"Sex": "Male",
		"Email": "lhernandez@example.com",
		"Phone": "(975)799-4261",
		"BirthDate": "10/4/1997",
		"JobTitle": "Retail banker",
		"OrganizationID": "A0B9d56e61070e3"
		}

	]
}},
	{
	"Organization": {
		"OrganizationID": "8D0c29189C9798B",
		"Name": "Keller, Campos and Black",
		"Website": "https://www.garner.info/",
		"Country": "Liberia",
		"Description": "Ameliorated directional emulation",
		"Founded": "2020",
		"Industry": "Museums / Institutions",
		"NumberEmployees": "2862"
,
	"Employees": [
		{
		"UserID": "Ee6974f90eeCe18",
		"FirstName": "Harold",
		"LastName": "Barnett",
		"Sex": "Female",
		"Email": "nathan65@example.org",
		"Phone": "004-583-6682",
		"BirthDate": "3/15/1983",
		"JobTitle": "Biochemist, clinical",
		"OrganizationID": "8D0c29189C9798B"
		}

	]
}},
	{
	"Organization": {
		"OrganizationID": "Ea3f6D52Ec73563",
		"Name": "Montes-Hensley",
		"Website": "https://krueger.org/",
		"Country": "Liechtenstein",
		"Description": "Multi-tiered secondary productivity",
		"Founded": "2009",
		"Industry": "Printing",
		"NumberEmployees": "8433"
,
	"Employees": [
		{
		"UserID": "3faB1CBfEFBDdD4",
		"FirstName": "Brittney",
		"LastName": "Rubio",
		"Sex": "Female",
		"Email": "corey92@example.com",
		"Phone": "593-976-2528",
		"BirthDate": "12/24/1979",
		"JobTitle": "Biochemist, clinical",
		"OrganizationID": "Ea3f6D52Ec73563"
		}

	]
}},
	{
	"Organization": {
		"OrganizationID": "8de40AC4e6EaCa4",
		"Name": "Velez, Payne and Coffey",
		"Website": "http://burton.com/",
		"Country": "Luxembourg",
		"Description": "Mandatory coherent synergy",
		"Founded": "1986",
		"Industry": "Wholesale",
		"NumberEmployees": "5010"
,
	"Employees": [
		{
		"UserID": "2fEc528aFAF0b69",
		"FirstName": "Wesley",
		"LastName": "Bray",
		"Sex": "Male",
		"Email": "regina11@example.org",
		"Phone": "995-542-7680",
		"BirthDate": "12/28/1994",
		"JobTitle": "Police officer",
		"OrganizationID": "8de40AC4e6EaCa4"
		}

	]
}},
	{
	"Organization": {
		"OrganizationID": "ce57DCbcFD6d618",
		"Name": "Newman-Galloway",
		"Website": "https://www.scott.com/",
		"Country": "Luxembourg",
		"Description": "Enhanced foreground collaboration",
		"Founded": "1987",
		"Industry": "Information Technology / IT",
		"NumberEmployees": "3934"
,
	"Employees": [
		{
		"UserID": "b3e15e65Ca2CcBf",
		"FirstName": "Tina",
		"LastName": "Cunningham",
		"Sex": "Male",
		"Email": "wongmary@example.org",
		"Phone": "079-907-5051",
		"BirthDate": "11/29/1986",
		"JobTitle": "Race relations officer",
		"OrganizationID": "ce57DCbcFD6d618"
		}

	]
}},
	{
	"Organization": {
		"OrganizationID": "a0a6f9b3DbcBEb5",
		"Name": "Mays-Preston",
		"Website": "http://www.browning-key.com/",
		"Country": "Mali",
		"Description": "User-centric heuristic focus group",
		"Founded": "2006",
		"Industry": "Military Industry",
		"NumberEmployees": "5786"
,
	"Employees": [
		{
		"UserID": "c935b7Eb6FA0B0F",
		"FirstName": "Kim",
		"LastName": "Andrews",
		"Sex": "Female",
		"Email": "wpetersen@example.org",
		"Phone": "767-712-5383",
		"BirthDate": "11/15/1990",
		"JobTitle": "Biochemist, clinical",
		"OrganizationID": "a0a6f9b3DbcBEb5"
		}

	]
}},
	{
	"Organization": {
		"OrganizationID": "Bf3F3f62c8aBC33",
		"Name": "Cherry PLC",
		"Website": "https://www.avila.info/",
		"Country": "Marshall Islands",
		"Description": "Persistent tertiary website",
		"Founded": "1980",
		"Industry": "Plastics",
		"NumberEmployees": "8245"
,
	"Employees": [
		{
		"UserID": "Adc7ad9B6e4A1Fe",
		"FirstName": "Summer",
		"LastName": "Oconnell",
		"Sex": "Female",
		"Email": "alexiscantrell@example.org",
		"Phone": "001-273-6856",
		"BirthDate": "4/12/2000",
		"JobTitle": "Broadcast journalist",
		"OrganizationID": "Bf3F3f62c8aBC33"
		}

	]
}},
	{
	"Organization": {
		"OrganizationID": "9eE8A6a4Eb96C24",
		"Name": "Mayer Group",
		"Website": "http://www.brewer.com/",
		"Country": "Mauritius",
		"Description": "Synchronized needs-based challenge",
		"Founded": "1991",
		"Industry": "Transportation",
		"NumberEmployees": "7870"
,
	"Employees": [
		{
		"UserID": "cDa5F303fCd6dEa",
		"FirstName": "Jacqueline",
		"LastName": "Gallagher",
		"Sex": "Male",
		"Email": "nsampson@example.net",
		"Phone": "(247)762-8934",
		"BirthDate": "2/25/1999",
		"JobTitle": "Building services engineer",
		"OrganizationID": "9eE8A6a4Eb96C24"
		}

	]
}},
	{
	"Organization": {
		"OrganizationID": "e24D21BFd3bF1E5",
		"Name": "Richard PLC",
		"Website": "https://holden-coleman.net/",
		"Country": "Mayotte",
		"Description": "Object-based optimizing model",
		"Founded": "1971",
		"Industry": "Broadcast Media",
		"NumberEmployees": "4942"
,
	"Employees": [

	]
}},
	{
	"Organization": {
		"OrganizationID": "c89b9b59BC4baa1",
		"Name": "Eaton-Morales",
		"Website": "https://www.reeves-graham.com/",
		"Country": "Micronesia",
		"Description": "Customer-focused explicit frame",
		"Founded": "1990",
		"Industry": "Capital Markets / Hedge Fund / Private Equity",
		"NumberEmployees": "7013"
,
	"Employees": [

	]
}},
	{
	"Organization": {
		"OrganizationID": "22aC3FFd64fD703",
		"Name": "Eaton, Reynolds and Vargas",
		"Website": "http://www.freeman.biz/",
		"Country": "Monaco",
		"Description": "Self-enabling multi-tasking process improvement",
		"Founded": "2014",
		"Industry": "Luxury Goods / Jewelry",
		"NumberEmployees": "8987"
,
	"Employees": [

	]
}},
	{
	"Organization": {
		"OrganizationID": "ec5Bdd3CBAfaB93",
		"Name": "Cole, Russell and Avery",
		"Website": "http://www.blankenship.com/",
		"Country": "Mongolia",
		"Description": "De-engineered fault-tolerant challenge",
		"Founded": "2000",
		"Industry": "Law Enforcement",
		"NumberEmployees": "7012"
,
	"Employees": [

	]
}},
	{
	"Organization": {
		"OrganizationID": "38C6cfC5074Fa5e",
		"Name": "Fritz-Franklin",
		"Website": "http://www.lambert.com/",
		"Country": "Nepal",
		"Description": "Automated 4thgeneration website",
		"Founded": "1972",
		"Industry": "Hospitality",
		"NumberEmployees": "4516"
,
	"Employees": [

	]
}},
	{
	"Organization": {
		"OrganizationID": "902D7Ac8b6d476b",
		"Name": "Newton Inc",
		"Website": "https://www.richmond-manning.info/",
		"Country": "Netherlands Antilles",
		"Description": "Fundamental stable info-mediaries",
		"Founded": "1976",
		"Industry": "Military Industry",
		"NumberEmployees": "563"
,
	"Employees": [

	]
}},
	{
	"Organization": {
		"OrganizationID": "2a74D6f3D3B268e",
		"Name": "Cherry, Le and Callahan",
		"Website": "https://waller-delacruz.biz/",
		"Country": "Nigeria",
		"Description": "Universal human-resource collaboration",
		"Founded": "2017",
		"Industry": "Entertainment / Movie Production",
		"NumberEmployees": "7202"
,
	"Employees": [

	]
}},
	{
	"Organization": {
		"OrganizationID": "CbBbFcdd0eaE2cF",
		"Name": "Bartlett-Arroyo",
		"Website": "https://cruz.com/",
		"Country": "Northern Mariana Islands",
		"Description": "Realigned didactic function",
		"Founded": "1976",
		"Industry": "Civic / Social Organization",
		"NumberEmployees": "3987"
,
	"Employees": [

	]
}},
	{
	"Organization": {
		"OrganizationID": "5aaD187dc929371",
		"Name": "Frazier-Butler",
		"Website": "https://www.daugherty-farley.info/",
		"Country": "Northern Mariana Islands",
		"Description": "Persistent interactive circuit",
		"Founded": "1972",
		"Industry": "Outsourcing / Offshoring",
		"NumberEmployees": "5130"
,
	"Employees": [

	]
}},
	{
	"Organization": {
		"OrganizationID": "219233e8aFF1BC3",
		"Name": "Hansen-Everett",
		"Website": "https://www.kidd.org/",
		"Country": "Pakistan",
		"Description": "Seamless disintermediate collaboration",
		"Founded": "2018",
		"Industry": "Publishing Industry",
		"NumberEmployees": "7832"
,
	"Employees": [
		{
		"UserID": "baDcC4DeefD8dEB",
		"FirstName": "Dave",
		"LastName": "Farrell",
		"Sex": "Male",
		"Email": "nmccann@example.net",
		"Phone": "603-428-7392",
		"BirthDate": "10/6/1995",
		"JobTitle": "Lawyer",
		"OrganizationID": "219233e8aFF1BC3"
		}

	]
}},
	{
	"Organization": {
		"OrganizationID": "f3C365f0c1A0623",
		"Name": "Hicks LLC",
		"Website": "http://alvarez.biz/",
		"Country": "Pakistan",
		"Description": "Quality-focused client-server Graphical User Interface",
		"Founded": "1970",
		"Industry": "Computer Software / Engineering",
		"NumberEmployees": "8480"
,
	"Employees": [
		{
		"UserID": "E883773cA5219Be",
		"FirstName": "Helen",
		"LastName": "Williamson",
		"Sex": "Female",
		"Email": "melvin08@example.net",
		"Phone": "377-726-4229",
		"BirthDate": "8/11/1981",
		"JobTitle": "Lecturer, further education",
		"OrganizationID": "f3C365f0c1A0623"
		}

	]
}},
	{
	"Organization": {
		"OrganizationID": "aeBe26B80a7a23c",
		"Name": "Melton-Nichols",
		"Website": "https://kennedy.com/",
		"Country": "Palau",
		"Description": "User-friendly clear-thinking productivity",
		"Founded": "2021",
		"Industry": "Legislative Office",
		"NumberEmployees": "8741"
,
	"Employees": [
		{
		"UserID": "fFe7BAA737aDbe2",
		"FirstName": "Miguel",
		"LastName": "Hill",
		"Sex": "Female",
		"Email": "tyrone56@example.org",
		"Phone": "524-784-2945",
		"BirthDate": "8/26/1990",
		"JobTitle": "Make",
		"OrganizationID": "aeBe26B80a7a23c"
		}

	]
}},
	{
	"Organization": {
		"OrganizationID": "FAB0d41d5b5d22c",
		"Name": "Ferrell LLC",
		"Website": "https://price.net/",
		"Country": "Papua New Guinea",
		"Description": "Horizontal empowering knowledgebase",
		"Founded": "1990",
		"Industry": "Plastics",
		"NumberEmployees": "3498"
,
	"Employees": [
		{
		"UserID": "9edBC94aE7cA22a",
		"FirstName": "Willie",
		"LastName": "Vang",
		"Sex": "Female",
		"Email": "haleymathews@example.net",
		"Phone": "741-168-6067",
		"BirthDate": "2/2/1978",
		"JobTitle": "Management consultant",
		"OrganizationID": "FAB0d41d5b5d22c"
		}

	]
}},
	{
	"Organization": {
		"OrganizationID": "f9F7bBCAEeC360F",
		"Name": "Ayala LLC",
		"Website": "http://www.zhang.com/",
		"Country": "Philippines",
		"Description": "Open-source zero administration hierarchy",
		"Founded": "2021",
		"Industry": "Legal Services",
		"NumberEmployees": "7664"
,
	"Employees": [
		{
		"UserID": "Ebcefdf75eCb0a9",
		"FirstName": "Frank",
		"LastName": "Pineda",
		"Sex": "Male",
		"Email": "daltoncalvin@example.net",
		"Phone": "(035)961-506-9182",
		"BirthDate": "3/10/1986",
		"JobTitle": "Hospital pharmacist",
		"OrganizationID": "f9F7bBCAEeC360F"
		},
		{
		"UserID": "A31Bee3c201ef58",
		"FirstName": "Yesenia",
		"LastName": "Martinez",
		"Sex": "Male",
		"Email": "kaitlinkaiser@example.com",
		"Phone": "584-094-6111",
		"BirthDate": "8/3/2000",
		"JobTitle": "Market researcher",
		"OrganizationID": "f9F7bBCAEeC360F"
		}

	]
}},
	{
	"Organization": {
		"OrganizationID": "Dfef38C51D8DAe3",
		"Name": "Poole, Cruz and Whitney",
		"Website": "https://reed.info/",
		"Country": "Reunion",
		"Description": "Balanced analyzing groupware",
		"Founded": "1978",
		"Industry": "Marketing / Advertising / Sales",
		"NumberEmployees": "2992"
,
	"Employees": [
		{
		"UserID": "D8bF5Ab2b98caff",
		"FirstName": "Mackenzie",
		"LastName": "Rocha",
		"Sex": "Female",
		"Email": "abbottyvette@example.net",
		"Phone": "422-552-5458",
		"BirthDate": "10/21/1980",
		"JobTitle": "Museum/gallery exhibitions officer",
		"OrganizationID": "Dfef38C51D8DAe3"
		}

	]
}},
	{
	"Organization": {
		"OrganizationID": "dFfD6a6F9AC2d9C",
		"Name": "Greene, Benjamin and Novak",
		"Website": "http://www.kent.net/",
		"Country": "Romania",
		"Description": "Centralized leadingedge moratorium",
		"Founded": "2012",
		"Industry": "Museums / Institutions",
		"NumberEmployees": "4941"
,
	"Employees": [
		{
		"UserID": "0aBE5ACb18E0c10",
		"FirstName": "Jackie",
		"LastName": "Bennett",
		"Sex": "Male",
		"Email": "hutchinsonkirk@example.com",
		"Phone": "740-937-0887",
		"BirthDate": "11/11/1985",
		"JobTitle": "Neurosurgeon",
		"OrganizationID": "dFfD6a6F9AC2d9C"
		}

	]
}},
	{
	"Organization": {
		"OrganizationID": "5fDBeA8BB91a000",
		"Name": "Jenkins Inc",
		"Website": "http://www.kirk.biz/",
		"Country": "South Africa",
		"Description": "Front-line systematic help-desk",
		"Founded": "2002",
		"Industry": "Insurance",
		"NumberEmployees": "1215"
,
	"Employees": [
		{
		"UserID": "f1f89173353aD90",
		"FirstName": "Janice",
		"LastName": "Rhodes",
		"Sex": "Female",
		"Email": "juarezdominique@example.net",
		"Phone": "249-314-6996",
		"BirthDate": "11/1/1997",
		"JobTitle": "Drilling engineer",
		"OrganizationID": "5fDBeA8BB91a000"
		}

	]
}},
	{
	"Organization": {
		"OrganizationID": "208044AC2fe52F3",
		"Name": "Massey LLC",
		"Website": "https://frazier.biz/",
		"Country": "Suriname",
		"Description": "Configurable zero administration Graphical User Interface",
		"Founded": "1986",
		"Industry": "Accounting",
		"NumberEmployees": "5004"
,
	"Employees": [
		{
		"UserID": "12DCb4ED8E01D5C",
		"FirstName": "Tyler",
		"LastName": "Foley",
		"Sex": "Female",
		"Email": "johnathan72@example.org",
		"Phone": "469-307-8030",
		"BirthDate": "9/19/1988",
		"JobTitle": "Economist",
		"OrganizationID": "208044AC2fe52F3"
		}

	]
}},
	{
	"Organization": {
		"OrganizationID": "DDB19Be7eeB56B4",
		"Name": "Cummings-Rojas",
		"Website": "https://simon-pearson.com/",
		"Country": "Svalbard & Jan Mayen Islands",
		"Description": "User-centric modular customer loyalty",
		"Founded": "2012",
		"Industry": "Financial Services",
		"NumberEmployees": "7529"
,
	"Employees": [

	]
}},
	{
	"Organization": {
		"OrganizationID": "C8AC1eaf9C036F4",
		"Name": "Pacheco-Spears",
		"Website": "https://aguilar.com/",
		"Country": "Sweden",
		"Description": "Secured logistical synergy",
		"Founded": "1984",
		"Industry": "Maritime",
		"NumberEmployees": "769"
,
	"Employees": [

	]
}},
	{
	"Organization": {
		"OrganizationID": "77aDc905434a49f",
		"Name": "Prince PLC",
		"Website": "https://www.watts.com/",
		"Country": "Sweden",
		"Description": "Profit-focused coherent installation",
		"Founded": "2016",
		"Industry": "Individual / Family Services",
		"NumberEmployees": "7645"
,
	"Employees": [

	]
}},
	{
	"Organization": {
		"OrganizationID": "e0E8e27eAc9CAd5",
		"Name": "George, Russo and Guerra",
		"Website": "https://drake.com/",
		"Country": "Sweden",
		"Description": "Centralized non-volatile capability",
		"Founded": "1989",
		"Industry": "Military Industry",
		"NumberEmployees": "2880"
,
	"Employees": [

	]
}},
	{
	"Organization": {
		"OrganizationID": "bD1bc6bB6d1FeD3",
		"Name": "Freeman-Chen",
		"Website": "https://mathis.com/",
		"Country": "Timor-Leste",
		"Description": "Phased next generation adapter",
		"Founded": "1973",
		"Industry": "International Trade / Development",
		"NumberEmployees": "346"
,
	"Employees": [

	]
}},
	{
	"Organization": {
		"OrganizationID": "dd6CA3d0bc3cAfc",
		"Name": "Beasley, Greene and Mahoney",
		"Website": "http://www.petersen-lawrence.com/",
		"Country": "Togo",
		"Description": "Extended content-based methodology",
		"Founded": "1976",
		"Industry": "Religious Institutions",
		"NumberEmployees": "869"
,
	"Employees": [

	]
}},
	{
	"Organization": {
		"OrganizationID": "e9eB5A60Cef8354",
		"Name": "Watkins-Kaiser",
		"Website": "http://www.herring.com/",
		"Country": "Togo",
		"Description": "Synergistic background access",
		"Founded": "2009",
		"Industry": "Financial Services",
		"NumberEmployees": "2785"
,
	"Employees": [

	]
}},
	{
	"Organization": {
		"OrganizationID": "c6DedA82A8aef7E",
		"Name": "Gonzales Ltd",
		"Website": "http://bird.com/",
		"Country": "Tonga",
		"Description": "Managed human-resource policy",
		"Founded": "1988",
		"Industry": "Consumer Goods",
		"NumberEmployees": "9069"
,
	"Employees": [

	]
}},
	{
	"Organization": {
		"OrganizationID": "A2D89Ab9bCcAd4e",
		"Name": "Mitchell, Warren and Schneider",
		"Website": "https://fox.biz/",
		"Country": "Trinidad and Tobago",
		"Description": "Enhanced intangible time-frame",
		"Founded": "2021",
		"Industry": "Capital Markets / Hedge Fund / Private Equity",
		"NumberEmployees": "3816"
,
	"Employees": [

	]
}},
	{
	"Organization": {
		"OrganizationID": "aAeb29ad43886C6",
		"Name": "Potter-Walsh",
		"Website": "http://thomas-french.org/",
		"Country": "Turkey",
		"Description": "Optional non-volatile open system",
		"Founded": "2008",
		"Industry": "Human Resources / HR",
		"NumberEmployees": "6923"
,
	"Employees": [
		{
		"UserID": "7F7E1BAcb0C9AFf",
		"FirstName": "Alvin",
		"LastName": "Paul",
		"Sex": "Male",
		"Email": "gilbertdonaldson@example.com",
		"Phone": "219-436-0751",
		"BirthDate": "5/12/1989",
		"JobTitle": "Teacher, adult education",
		"OrganizationID": "aAeb29ad43886C6"
		}

	]
}},
	{
	"Organization": {
		"OrganizationID": "2bFC1Be8a4ce42f",
		"Name": "Holder-Sellers",
		"Website": "https://becker.com/",
		"Country": "Turkmenistan",
		"Description": "De-engineered systemic artificial intelligence",
		"Founded": "2004",
		"Industry": "Automotive",
		"NumberEmployees": "921"
,
	"Employees": [
		{
		"UserID": "6e6a5b885F6496d",
		"FirstName": "Terrence",
		"LastName": "Huff",
		"Sex": "Male",
		"Email": "cassandra80@example.org",
		"Phone": "221-800-6416",
		"BirthDate": "2/27/1984",
		"JobTitle": "Careers information officer",
		"OrganizationID": "2bFC1Be8a4ce42f"
		}

	]
}},
	{
	"Organization": {
		"OrganizationID": "68139b5C4De03B4",
		"Name": "Bowers, Guerra and Krause",
		"Website": "http://www.carrillo-nicholson.com/",
		"Country": "Uganda",
		"Description": "De-engineered transitional strategy",
		"Founded": "1972",
		"Industry": "Primary / Secondary Education",
		"NumberEmployees": "6986"
,
	"Employees": [
		{
		"UserID": "9425E2F38C408ef",
		"FirstName": "Kathy",
		"LastName": "Haney",
		"Sex": "Female",
		"Email": "teresa37@example.com",
		"Phone": "(164)105-8456",
		"BirthDate": "9/2/1995",
		"JobTitle": "Charity fundraiser",
		"OrganizationID": "68139b5C4De03B4"
		}

	]
}},
	{
	"Organization": {
		"OrganizationID": "D2c91cc03CA394c",
		"Name": "Glover-Pope",
		"Website": "http://www.silva.biz/",
		"Country": "United Arab Emirates",
		"Description": "Persevering contextually-based approach",
		"Founded": "2013",
		"Industry": "Medical Practice",
		"NumberEmployees": "9079"
,
	"Employees": [
		{
		"UserID": "E1cB5cA8CA7CC0a",
		"FirstName": "Andrew",
		"LastName": "Waters",
		"Sex": "Male",
		"Email": "nhall@example.net",
		"Phone": "376-865-2751",
		"BirthDate": "5/14/1978",
		"JobTitle": "Jewellery designer",
		"OrganizationID": "D2c91cc03CA394c"
		}

	]
}},
	{
	"Organization": {
		"OrganizationID": "fdFbecbadcdCdf1",
		"Name": "Wilkinson, Charles and Arroyo",
		"Website": "http://hunter-mcfarland.com/",
		"Country": "United States Virgin Islands",
		"Description": "Assimilated 24/7 archive",
		"Founded": "1996",
		"Industry": "Building Materials",
		"NumberEmployees": "602"
,
	"Employees": [
		{
		"UserID": "5D2cb63CaAF53f6",
		"FirstName": "Leslie",
		"LastName": "Conway",
		"Sex": "Female",
		"Email": "floreschristina@example.org",
		"Phone": "795-782-4385",
		"BirthDate": "11/6/1983",
		"JobTitle": "Chiropractor",
		"OrganizationID": "fdFbecbadcdCdf1"
		}

	]
}},
	{
	"Organization": {
		"OrganizationID": "8cC1bDa330a5871",
		"Name": "Pineda-Morton",
		"Website": "https://www.carr.com/",
		"Country": "United States Virgin Islands",
		"Description": "Grass-roots methodical info-mediaries",
		"Founded": "1991",
		"Industry": "Printing",
		"NumberEmployees": "6168"
,
	"Employees": [
		{
		"UserID": "42F4BdA841aBadC",
		"FirstName": "Colleen",
		"LastName": "Hatfield",
		"Sex": "Female",
		"Email": "fknox@example.org",
		"Phone": "638-584-1090",
		"BirthDate": "10/14/1979",
		"JobTitle": "Commercial horticulturist",
		"OrganizationID": "8cC1bDa330a5871"
		}

	]
}},
	{
	"Organization": {
		"OrganizationID": "adcB0afbE58bAe3",
		"Name": "Wagner LLC",
		"Website": "https://decker-esparza.com/",
		"Country": "Uruguay",
		"Description": "Reactive attitude-oriented toolset",
		"Founded": "1987",
		"Industry": "International Affairs",
		"NumberEmployees": "6874"
,
	"Employees": [
		{
		"UserID": "6bFcfc3cc1BC6B4",
		"FirstName": "Haley",
		"LastName": "Pugh",
		"Sex": "Female",
		"Email": "molly03@example.org",
		"Phone": "(746)182-613-2453",
		"BirthDate": "9/16/1980",
		"JobTitle": "Commissioning editor",
		"OrganizationID": "adcB0afbE58bAe3"
		}

	]
}},
	{
	"Organization": {
		"OrganizationID": "738b5aDe6B1C6A5",
		"Name": "Gaines Inc",
		"Website": "http://sandoval-hooper.com/",
		"Country": "Uzbekistan",
		"Description": "Multi-lateral scalable protocol",
		"Founded": "1997",
		"Industry": "Outsourcing / Offshoring",
		"NumberEmployees": "9698"
,
	"Employees": [
		{
		"UserID": "c9F2282C40BEC1E",
		"FirstName": "Sean",
		"LastName": "Levine",
		"Sex": "Male",
		"Email": "sallymiller@example.net",
		"Phone": "491-582-8504",
		"BirthDate": "10/9/2000",
		"JobTitle": "Conservation officer, nature",
		"OrganizationID": "738b5aDe6B1C6A5"
		},
		{
		"UserID": "e552D7ddafe1FFb",
		"FirstName": "Ryan",
		"LastName": "Nelson",
		"Sex": "Female",
		"Email": "qnorman@example.org",
		"Phone": "956-330-2951",
		"BirthDate": "5/2/1974",
		"JobTitle": "Historic buildings inspector/conservation officer",
		"OrganizationID": "738b5aDe6B1C6A5"
		},
		{
		"UserID": "D6dbA5308fEC4BC",
		"FirstName": "Maurice",
		"LastName": "Rangel",
		"Sex": "Male",
		"Email": "sheenabanks@example.com",
		"Phone": "(246)187-4969",
		"BirthDate": "8/20/2000",
		"JobTitle": "Secretary/administrator",
		"OrganizationID": "738b5aDe6B1C6A5"
		}

	]
}},
	{
	"Organization": {
		"OrganizationID": "EB9f456e8b7022a",
		"Name": "Soto Group",
		"Website": "https://norris.info/",
		"Country": "Vietnam",
		"Description": "Enterprise-wide executive installation",
		"Founded": "1988",
		"Industry": "Business Supplies / Equipment",
		"NumberEmployees": "9097"
,
	"Employees": [
		{
		"UserID": "d6EA619A7C4aA95",
		"FirstName": "Jamie",
		"LastName": "Hardy",
		"Sex": "Female",
		"Email": "sheenadouglas@example.com",
		"Phone": "(900)803-929-1153",
		"BirthDate": "7/17/1994",
		"JobTitle": "Conservator, furniture",
		"OrganizationID": "EB9f456e8b7022a"
		}

	]
}},
	{
	"Organization": {
		"OrganizationID": "1eD64cFe986BBbE",
		"Name": "Walton-Barnett",
		"Website": "https://ashley-schaefer.com/",
		"Country": "Western Sahara",
		"Description": "Right-sized clear-thinking flexibility",
		"Founded": "2001",
		"Industry": "Luxury Goods / Jewelry",
		"NumberEmployees": "1746"
,
	"Employees": [
		{
		"UserID": "AedDfaE8Cf49F07",
		"FirstName": "Reginald",
		"LastName": "Stephenson",
		"Sex": "Male",
		"Email": "erikaball@example.net",
		"Phone": "832-500-6475",
		"BirthDate": "2/8/1970",
		"JobTitle": "Contracting civil engineer",
		"OrganizationID": "1eD64cFe986BBbE"
		}

	]
}},
	{
	"Organization": {
		"OrganizationID": "5c2EffEfdba2BdF",
		"Name": "Mckenzie-Melton",
		"Website": "http://montoya-thompson.com/",
		"Country": "Yemen",
		"Description": "Reverse-engineered heuristic alliance",
		"Founded": "1998",
		"Industry": "Investment Management / Hedge Fund / Private Equity",
		"NumberEmployees": "4589"
,
	"Employees": [
		{
		"UserID": "CD8d33aA25bc8BB",
		"FirstName": "Courtney",
		"LastName": "Watkins",
		"Sex": "Female",
		"Email": "ochang@example.org",
		"Phone": "210-683-5883",
		"BirthDate": "12/7/2001",
		"JobTitle": "Pension scheme manager",
		"OrganizationID": "5c2EffEfdba2BdF"
		},
		{
		"UserID": "C03fDADdAadAdCe",
		"FirstName": "Mandy",
		"LastName": "Blake",
		"Sex": "Male",
		"Email": "jefferynoble@example.org",
		"Phone": "(992)466-139-4947",
		"BirthDate": "12/8/1987",
		"JobTitle": "Scientist, clinical (histocompatibility and immunogenetics)",
		"OrganizationID": "5c2EffEfdba2BdF"
		}

	]
}},
	{
	"Organization": {
		"OrganizationID": "5Cd7efccCcba38f",
		"Name": "Burch-Ewing",
		"Website": "http://cline.net/",
		"Country": "Yemen",
		"Description": "User-centric 4thgeneration system engine",
		"Founded": "1981",
		"Industry": "Venture Capital / VC",
		"NumberEmployees": "7443"
,
	"Employees": [

	]
}},
	{
	"Organization": {
		"OrganizationID": "61BDeCfeFD0cEF5",
		"Name": "Valenzuela, Holmes and Rowland",
		"Website": "https://www.dorsey.net/",
		"Country": "Yemen",
		"Description": "Persistent tertiary focus group",
		"Founded": "1999",
		"Industry": "Transportation",
		"NumberEmployees": "1483"
,
	"Employees": [

	]
}},
	{
	"Organization": {
		"OrganizationID": "f5afd686b3d05F5",
		"Name": "Durham, Allen and Barnes",
		"Website": "http://chan-stafford.org/",
		"Country": "Zimbabwe",
		"Description": "Synergistic web-enabled framework",
		"Founded": "1993",
		"Industry": "Mechanical or Industrial Engineering",
		"NumberEmployees": "6135"
,
	"Employees": [
		{
		"UserID": "9c1bc7EC53Fb7cE",
		"FirstName": "Louis",
		"LastName": "Payne",
		"Sex": "Male",
		"Email": "bsullivan@example.net",
		"Phone": "623-269-5307",
		"BirthDate": "1/29/1976",
		"JobTitle": "Counsellor",
		"OrganizationID": "f5afd686b3d05F5"
		}

	]
}},
	{
	"Organization": {
		"OrganizationID": "4e91eD25f486110",
		"Name": "Best, Wade and Shepard",
		"Website": "https://zimmerman.com/",
		"Country": "Zimbabwe",
		"Description": "Innovative background definition",
		"Founded": "1991",
		"Industry": "Gambling / Casinos",
		"NumberEmployees": "4873"
,
	"Employees": [
		{
		"UserID": "2A33E7Cad1bb0F5",
		"FirstName": "Melody",
		"LastName": "Cox",
		"Sex": "Female",
		"Email": "evan90@example.org",
		"Phone": "(626)520-552-3511",
		"BirthDate": "7/30/1974",
		"JobTitle": "Dance movement psychotherapist",
		"OrganizationID": "4e91eD25f486110"
		}

	]
}}

]}