<?xml version="1.0" encoding="UTF-8"?>
<Employees>
	<Employee>
		<UserID>aa614aAE4B7Cf0C</UserID>
		<FirstName>Leonard</FirstName>
		<LastName>Hurst</LastName>
		<Sex>Male</Sex>
		<Email>clinton78@example.org</Email>
		<Phone>941-038-3880</Phone>
		<BirthDate>3/13/1988</BirthDate>
		<JobTitle>Accountant, chartered management</JobTitle>
		<OrganizationID>eb3B7D06cCdD609</OrganizationID>
	</Employee>
	<Employee>
		<UserID>f3BD2cBF7eEb6df</UserID>
		<FirstName>Danielle</FirstName>
		<LastName>Estrada</LastName>
		<Sex>Female</Sex>
		<Email>jvang@example.org</Email>
		<Phone>(890)374-951-4772</Phone>
		<BirthDate>7/9/1973</BirthDate>
		<JobTitle>Accountant, chartered management</JobTitle>
		<OrganizationID>bC0CEd48A8000E0</OrganizationID>
	</Employee>
	<Employee>
		<UserID>CEFA7BBCef013AE</UserID>
		<FirstName>Kirk</FirstName>
		<LastName>Walsh</LastName>
		<Sex>Female</Sex>
		<Email>stephenfuller@example.org</Email>
		<Phone>001-826-4661</Phone>
		<BirthDate>4/8/2001</BirthDate>
		<JobTitle>Accounting technician</JobTitle>
		<OrganizationID>dEbDAAeDfaed00A</OrganizationID>
	</Employee>
	<Employee>
		<UserID>BF0BbA03C29Bb3b</UserID>
		<FirstName>Sheila</FirstName>
		<LastName>Ross</LastName>
		<Sex>Female</Sex>
		<Email>huangcathy@example.com</Email>
		<Phone>895-881-4746</Phone>
		<BirthDate>3/20/2003</BirthDate>
		<JobTitle>Advertising account executive</JobTitle>
		<OrganizationID>cBfe4dbAE1699da</OrganizationID>
	</Employee>
	<Employee>
		<UserID>1F0B7D65A00DAF9</UserID>
		<FirstName>Crystal</FirstName>
		<LastName>Farmer</LastName>
		<Sex>Male</Sex>
		<Email>pmiranda@example.org</Email>
		<Phone>657-668-5791</Phone>
		<BirthDate>3/9/1992</BirthDate>
		<JobTitle>Agricultural consultant</JobTitle>
		<OrganizationID>ED889CB2FE9cbd3</OrganizationID>
	</Employee>
	<Employee>
		<UserID>feaBf8dAE0C0d6F</UserID>
		<FirstName>Dillon</FirstName>
		<LastName>Guzman</LastName>
		<Sex>Female</Sex>
		<Email>angelanavarro@example.net</Email>
		<Phone>971-992-4521</Phone>
		<BirthDate>4/1/1992</BirthDate>
		<JobTitle>Air broker</JobTitle>
		<OrganizationID>0a0bfFbBbB8eC7c</OrganizationID>
	</Employee>
	<Employee>
		<UserID>Fac3BfFf0A3d03c</UserID>
		<FirstName>Fred</FirstName>
		<LastName>Olsen</LastName>
		<Sex>Female</Sex>
		<Email>amyanderson@example.com</Email>
		<Phone>497-774-3053</Phone>
		<BirthDate>4/10/1980</BirthDate>
		<JobTitle>Archaeologist</JobTitle>
		<OrganizationID>7dd18Fb7cB07b65</OrganizationID>
	</Employee>
	<Employee>
		<UserID>66F096D36Ebae11</UserID>
		<FirstName>Judy</FirstName>
		<LastName>Buckley</LastName>
		<Sex>Male</Sex>
		<Email>irosales@example.net</Email>
		<Phone>001-654-5283</Phone>
		<BirthDate>7/28/1963</BirthDate>
		<JobTitle>Art gallery manager</JobTitle>
		<OrganizationID>6883A965c7b68F7</OrganizationID>
	</Employee>
	<Employee>
		<UserID>311D775990f066d</UserID>
		<FirstName>Frank</FirstName>
		<LastName>Meadows</LastName>
		<Sex>Male</Sex>
		<Email>gbrewer@example.org</Email>
		<Phone>965-392-4847</Phone>
		<BirthDate>9/16/1995</BirthDate>
		<JobTitle>Audiological scientist</JobTitle>
		<OrganizationID>4B217cC5a0674C5</OrganizationID>
	</Employee>
	<Employee>
		<UserID>CCbFce93d3720bE</UserID>
		<FirstName>Steve</FirstName>
		<LastName>Patterson</LastName>
		<Sex>Female</Sex>
		<Email>latasha46@example.net</Email>
		<Phone>865-478-5157</Phone>
		<BirthDate>4/29/1992</BirthDate>
		<JobTitle>Barrister</JobTitle>
		<OrganizationID>A0B9d56e61070e3</OrganizationID>
	</Employee>
	<Employee>
		<UserID>Ee6974f90eeCe18</UserID>
		<FirstName>Harold</FirstName>
		<LastName>Barnett</LastName>
		<Sex>Female</Sex>
		<Email>nathan65@example.org</Email>
		<Phone>004-583-6682</Phone>
		<BirthDate>3/15/1983</BirthDate>
		<JobTitle>Biochemist, clinical</JobTitle>
		<OrganizationID>8D0c29189C9798B</OrganizationID>
	</Employee>
	<Employee>
		<UserID>3faB1CBfEFBDdD4</UserID>
		<FirstName>Brittney</FirstName>
		<LastName>Rubio</LastName>
		<Sex>Female</Sex>
		<Email>corey92@example.com</Email>
		<Phone>593-976-2528</Phone>
		<BirthDate>12/24/1979</BirthDate>
		<JobTitle>Biochemist, clinical</JobTitle>
		<OrganizationID>Ea3f6D52Ec73563</OrganizationID>
	</Employee>
	<Employee>
		<UserID>c935b7Eb6FA0B0F</UserID>
		<FirstName>Kim</FirstName>
		<LastName>Andrews</LastName>
		<Sex>Female</Sex>
		<Email>wpetersen@example.org</Email>
		<Phone>767-712-5383</Phone>
		<BirthDate>11/15/1990</BirthDate>
		<JobTitle>Biochemist, clinical</JobTitle>
		<OrganizationID>a0a6f9b3DbcBEb5</OrganizationID>
	</Employee>
	<Employee>
		<UserID>Adc7ad9B6e4A1Fe</UserID>
		<FirstName>Summer</FirstName>
		<LastName>Oconnell</LastName>
		<Sex>Female</Sex>
		<Email>alexiscantrell@example.org</Email>
		<Phone>001-273-6856</Phone>
		<BirthDate>4/12/2000</BirthDate>
		<JobTitle>Broadcast journalist</JobTitle>
		<OrganizationID>Bf3F3f62c8aBC33</OrganizationID>
	</Employee>
	<Employee>
		<UserID>cDa5F303fCd6dEa</UserID>
		<FirstName>Jacqueline</FirstName>
		<LastName>Gallagher</LastName>
		<Sex>Male</Sex>
		<Email>nsampson@example.net</Email>
		<Phone>(247)762-8934</Phone>
		<BirthDate>2/25/1999</BirthDate>
		<JobTitle>Building services engineer</JobTitle>
		<OrganizationID>9eE8A6a4Eb96C24</OrganizationID>
	</Employee>
	<Employee>
		<UserID>D3Fa0220dDE4d36</UserID>
		<FirstName>Nathaniel</FirstName>
		<LastName>Rivas</LastName>
		<Sex>Female</Sex>
		<Email>roberto29@example.com</Email>
		<Phone>(655)887-204-3788</Phone>
		<BirthDate>11/17/1978</BirthDate>
		<JobTitle>Call centre manager</JobTitle>
		<OrganizationID>7b3fe6e7E72bFa4</OrganizationID>
	</Employee>
	<Employee>
		<UserID>6e6a5b885F6496d</UserID>
		<FirstName>Terrence</FirstName>
		<LastName>Huff</LastName>
		<Sex>Male</Sex>
		<Email>cassandra80@example.org</Email>
		<Phone>221-800-6416</Phone>
		<BirthDate>2/27/1984</BirthDate>
		<JobTitle>Careers information officer</JobTitle>
		<OrganizationID>2bFC1Be8a4ce42f</OrganizationID>
	</Employee>
	<Employee>
		<UserID>9425E2F38C408ef</UserID>
		<FirstName>Kathy</FirstName>
		<LastName>Haney</LastName>
		<Sex>Female</Sex>
		<Email>teresa37@example.com</Email>
		<Phone>(164)105-8456</Phone>
		<BirthDate>9/2/1995</BirthDate>
		<JobTitle>Charity fundraiser</JobTitle>
		<OrganizationID>68139b5C4De03B4</OrganizationID>
	</Employee>
	<Employee>
		<UserID>5D2cb63CaAF53f6</UserID>
		<FirstName>Leslie</FirstName>
		<LastName>Conway</LastName>
		<Sex>Female</Sex>
		<Email>floreschristina@example.org</Email>
		<Phone>795-782-4385</Phone>
		<BirthDate>11/6/1983</BirthDate>
		<JobTitle>Chiropractor</JobTitle>
		<OrganizationID>fdFbecbadcdCdf1</OrganizationID>
	</Employee>
	<Employee>
		<UserID>42F4BdA841aBadC</UserID>
		<FirstName>Colleen</FirstName>
		<LastName>Hatfield</LastName>
		<Sex>Female</Sex>
		<Email>fknox@example.org</Email>
		<Phone>638-584-1090</Phone>
		<BirthDate>10/14/1979</BirthDate>
		<JobTitle>Commercial horticulturist</JobTitle>
		<OrganizationID>8cC1bDa330a5871</OrganizationID>
	</Employee>
	<Employee>
		<UserID>6bFcfc3cc1BC6B4</UserID>
		<FirstName>Haley</FirstName>
		<LastName>Pugh</LastName>
		<Sex>Female</Sex>
		<Email>molly03@example.org</Email>
		<Phone>(746)182-613-2453</Phone>
		<BirthDate>9/16/1980</BirthDate>
		<JobTitle>Commissioning editor</JobTitle>
		<OrganizationID>adcB0afbE58bAe3</OrganizationID>
	</Employee>
	<Employee>
		<UserID>c9F2282C40BEC1E</UserID>
		<FirstName>Sean</FirstName>
		<LastName>Levine</LastName>
		<Sex>Male</Sex>
		<Email>sallymiller@example.net</Email>
		<Phone>491-582-8504</Phone>
		<BirthDate>10/9/2000</BirthDate>
		<JobTitle>Conservation officer, nature</JobTitle>
		<OrganizationID>738b5aDe6B1C6A5</OrganizationID>
	</Employee>
	<Employee>
		<UserID>d6EA619A7C4aA95</UserID>
		<FirstName>Jamie</FirstName>
		<LastName>Hardy</LastName>
		<Sex>Female</Sex>
		<Email>sheenadouglas@example.com</Email>
		<Phone>(900)803-929-1153</Phone>
		<BirthDate>7/17/1994</BirthDate>
		<JobTitle>Conservator, furniture</JobTitle>
		<OrganizationID>EB9f456e8b7022a</OrganizationID>
	</Employee>
	<Employee>
		<UserID>AedDfaE8Cf49F07</UserID>
		<FirstName>Reginald</FirstName>
		<LastName>Stephenson</LastName>
		<Sex>Male</Sex>
		<Email>erikaball@example.net</Email>
		<Phone>832-500-6475</Phone>
		<BirthDate>2/8/1970</BirthDate>
		<JobTitle>Contracting civil engineer</JobTitle>
		<OrganizationID>1eD64cFe986BBbE</OrganizationID>
	</Employee>
	<Employee>
		<UserID>9c1bc7EC53Fb7cE</UserID>
		<FirstName>Louis</FirstName>
		<LastName>Payne</LastName>
		<Sex>Male</Sex>
		<Email>bsullivan@example.net</Email>
		<Phone>623-269-5307</Phone>
		<BirthDate>1/29/1976</BirthDate>
		<JobTitle>Counsellor</JobTitle>
		<OrganizationID>f5afd686b3d05F5</OrganizationID>
	</Employee>
	<Employee>
		<UserID>bB9e49E506F65ed</UserID>
		<FirstName>Shari</FirstName>
		<LastName>Daugherty</LastName>
		<Sex>Male</Sex>
		<Email>kalvarado@example.org</Email>
		<Phone>951-655-6124</Phone>
		<BirthDate>11/24/1984</BirthDate>
		<JobTitle>Curator</JobTitle>
		<OrganizationID>f8D4B99e11fAF5D</OrganizationID>
	</Employee>
	<Employee>
		<UserID>2A33E7Cad1bb0F5</UserID>
		<FirstName>Melody</FirstName>
		<LastName>Cox</LastName>
		<Sex>Female</Sex>
		<Email>evan90@example.org</Email>
		<Phone>(626)520-552-3511</Phone>
		<BirthDate>7/30/1974</BirthDate>
		<JobTitle>Dance movement psychotherapist</JobTitle>
		<OrganizationID>4e91eD25f486110</OrganizationID>
	</Employee>
	<Employee>
		<UserID>f1f89173353aD90</UserID>
		<FirstName>Janice</FirstName>
		<LastName>Rhodes</LastName>
		<Sex>Female</Sex>
		<Email>juarezdominique@example.net</Email>
		<Phone>249-314-6996</Phone>
		<BirthDate>11/1/1997</BirthDate>
		<JobTitle>Drilling engineer</JobTitle>
		<OrganizationID>5fDBeA8BB91a000</OrganizationID>
	</Employee>
	<Employee>
		<UserID>12DCb4ED8E01D5C</UserID>
		<FirstName>Tyler</FirstName>
		<LastName>Foley</LastName>
		<Sex>Female</Sex>
		<Email>johnathan72@example.org</Email>
		<Phone>469-307-8030</Phone>
		<BirthDate>9/19/1988</BirthDate>
		<JobTitle>Economist</JobTitle>
		<OrganizationID>208044AC2fe52F3</OrganizationID>
	</Employee>
	<Employee>
		<UserID>E47FB71DD9ACCd9</UserID>
		<FirstName>Joshua</FirstName>
		<LastName>Sweeney</LastName>
		<Sex>Male</Sex>
		<Email>daisymcgee@example.net</Email>
		<Phone>875-994-2535</Phone>
		<BirthDate>7/28/1974</BirthDate>
		<JobTitle>Education officer, museum</JobTitle>
		<OrganizationID>235fdEFE2cfDa5F</OrganizationID>
	</Employee>
	<Employee>
		<UserID>6Dec5b5542F8ed8</UserID>
		<FirstName>Brandon</FirstName>
		<LastName>Schmidt</LastName>
		<Sex>Female</Sex>
		<Email>mconley@example.net</Email>
		<Phone>386-673-1456</Phone>
		<BirthDate>5/12/1991</BirthDate>
		<JobTitle>Engineer, biomedical</JobTitle>
		<OrganizationID>5DCb8A5a5ca03c0</OrganizationID>
	</Employee>
	<Employee>
		<UserID>8e4FB470FE19bF0</UserID>
		<FirstName>Isaiah</FirstName>
		<LastName>Downs</LastName>
		<Sex>Male</Sex>
		<Email>virginiaterrell@example.org</Email>
		<Phone>511-372-1206</Phone>
		<BirthDate>9/20/1964</BirthDate>
		<JobTitle>Engineer, site</JobTitle>
		<OrganizationID>E7df80C60Abd7f9</OrganizationID>
	</Employee>
	<Employee>
		<UserID>F0d3bD1aaf9E3Bc</UserID>
		<FirstName>Tamara</FirstName>
		<LastName>Hull</LastName>
		<Sex>Male</Sex>
		<Email>meagan39@example.net</Email>
		<Phone>017-665-7944</Phone>
		<BirthDate>1/31/1983</BirthDate>
		<JobTitle>English as a second language teacher</JobTitle>
		<OrganizationID>6A7EdDEA9FaDC52</OrganizationID>
	</Employee>
	<Employee>
		<UserID>eA3fDd79BE9f0E7</UserID>
		<FirstName>Heidi</FirstName>
		<LastName>Escobar</LastName>
		<Sex>Female</Sex>
		<Email>staffordtravis@example.net</Email>
		<Phone>601-155-1131</Phone>
		<BirthDate>9/25/1991</BirthDate>
		<JobTitle>Estate manager/land agent</JobTitle>
		<OrganizationID>7D9FBF85cdC3871</OrganizationID>
	</Employee>
	<Employee>
		<UserID>d181FFB7d3E68bb</UserID>
		<FirstName>Xavier</FirstName>
		<LastName>Cole</LastName>
		<Sex>Male</Sex>
		<Email>nicolas90@example.org</Email>
		<Phone>816-425-9975</Phone>
		<BirthDate>11/29/1978</BirthDate>
		<JobTitle>Financial planner</JobTitle>
		<OrganizationID>7ABc3c7ecA03B34</OrganizationID>
	</Employee>
	<Employee>
		<UserID>5bC87340799FBD0</UserID>
		<FirstName>Jean</FirstName>
		<LastName>Ritter</LastName>
		<Sex>Female</Sex>
		<Email>kristina76@example.com</Email>
		<Phone>(954)060-1066</Phone>
		<BirthDate>8/6/1985</BirthDate>
		<JobTitle>Financial trader</JobTitle>
		<OrganizationID>7Cb3AeFcE4Ba31e</OrganizationID>
	</Employee>
	<Employee>
		<UserID>5d2feAfbdCAA6B5</UserID>
		<FirstName>Isaiah</FirstName>
		<LastName>Camacho</LastName>
		<Sex>Female</Sex>
		<Email>jimblake@example.org</Email>
		<Phone>536-544-3367</Phone>
		<BirthDate>4/7/1966</BirthDate>
		<JobTitle>Food technologist</JobTitle>
		<OrganizationID>cC757116fe1C085</OrganizationID>
	</Employee>
	<Employee>
		<UserID>F0fE2faAd78F8b5</UserID>
		<FirstName>Norman</FirstName>
		<LastName>Weber</LastName>
		<Sex>Male</Sex>
		<Email>mconrad@example.com</Email>
		<Phone>223-002-0429</Phone>
		<BirthDate>5/21/1987</BirthDate>
		<JobTitle>Gaffer</JobTitle>
		<OrganizationID>6883A965c7b68F7</OrganizationID>
	</Employee>
	<Employee>
		<UserID>88F7B33d2bcf9f5</UserID>
		<FirstName>Shelby</FirstName>
		<LastName>Terrell</LastName>
		<Sex>Male</Sex>
		<Email>elijah57@example.net</Email>
		<Phone>084-906-7358</Phone>
		<BirthDate>10/26/1985</BirthDate>
		<JobTitle>Games developer</JobTitle>
		<OrganizationID>235fdEFE2cfDa5F</OrganizationID>
	</Employee>
	<Employee>
		<UserID>bff9853aFAeF772</UserID>
		<FirstName>Douglas</FirstName>
		<LastName>Reese</LastName>
		<Sex>Female</Sex>
		<Email>nixonvanessa@example.net</Email>
		<Phone>834-660-9864</Phone>
		<BirthDate>11/11/1969</BirthDate>
		<JobTitle>Higher education lecturer</JobTitle>
		<OrganizationID>6883A965c7b68F7</OrganizationID>
	</Employee>
	<Employee>
		<UserID>e552D7ddafe1FFb</UserID>
		<FirstName>Ryan</FirstName>
		<LastName>Nelson</LastName>
		<Sex>Female</Sex>
		<Email>qnorman@example.org</Email>
		<Phone>956-330-2951</Phone>
		<BirthDate>5/2/1974</BirthDate>
		<JobTitle>Historic buildings inspector/conservation officer</JobTitle>
		<OrganizationID>738b5aDe6B1C6A5</OrganizationID>
	</Employee>
	<Employee>
		<UserID>DbeAb8CcdfeFC2c</UserID>
		<FirstName>Kristine</FirstName>
		<LastName>Travis</LastName>
		<Sex>Male</Sex>
		<Email>bthompson@example.com</Email>
		<Phone>277-609-7938</Phone>
		<BirthDate>7/2/1992</BirthDate>
		<JobTitle>Homeopath</JobTitle>
		<OrganizationID>AE61b8Ffebbc476</OrganizationID>
	</Employee>
	<Employee>
		<UserID>Ebcefdf75eCb0a9</UserID>
		<FirstName>Frank</FirstName>
		<LastName>Pineda</LastName>
		<Sex>Male</Sex>
		<Email>daltoncalvin@example.net</Email>
		<Phone>(035)961-506-9182</Phone>
		<BirthDate>3/10/1986</BirthDate>
		<JobTitle>Hospital pharmacist</JobTitle>
		<OrganizationID>f9F7bBCAEeC360F</OrganizationID>
	</Employee>
	<Employee>
		<UserID>2EFC6A4e77FaEaC</UserID>
		<FirstName>Ricardo</FirstName>
		<LastName>Hinton</LastName>
		<Sex>Male</Sex>
		<Email>wyattbishop@example.com</Email>
		<Phone>447-699-8612</Phone>
		<BirthDate>3/26/1974</BirthDate>
		<JobTitle>Hydrogeologist</JobTitle>
		<OrganizationID>7Cb3AeFcE4Ba31e</OrganizationID>
	</Employee>
	<Employee>
		<UserID>9Df5Ba591bF3EFf</UserID>
		<FirstName>Mike</FirstName>
		<LastName>Ward</LastName>
		<Sex>Female</Sex>
		<Email>imccullough@example.com</Email>
		<Phone>116-729-5046</Phone>
		<BirthDate>11/9/1967</BirthDate>
		<JobTitle>Hydrologist</JobTitle>
		<OrganizationID>485f5d06B938F2b</OrganizationID>
	</Employee>
	<Employee>
		<UserID>e92A191E345fA3A</UserID>
		<FirstName>Tanya</FirstName>
		<LastName>Mckinney</LastName>
		<Sex>Female</Sex>
		<Email>vickihouston@example.com</Email>
		<Phone>(830)774-900-7086</Phone>
		<BirthDate>3/12/2000</BirthDate>
		<JobTitle>Information systems manager</JobTitle>
		<OrganizationID>AFc285dbE2fEd24</OrganizationID>
	</Employee>
	<Employee>
		<UserID>bE9EEf34cB72AF7</UserID>
		<FirstName>Katherine</FirstName>
		<LastName>Buck</LastName>
		<Sex>Female</Sex>
		<Email>conniecowan@example.com</Email>
		<Phone>773-151-9162</Phone>
		<BirthDate>1/22/1989</BirthDate>
		<JobTitle>Intelligence analyst</JobTitle>
		<OrganizationID>0bFED1ADAE4bcC1</OrganizationID>
	</Employee>
	<Employee>
		<UserID>b8D0aD3490FC7e1</UserID>
		<FirstName>Mariah</FirstName>
		<LastName>Bernard</LastName>
		<Sex>Male</Sex>
		<Email>pcopeland@example.org</Email>
		<Phone>(341)594-655-4657</Phone>
		<BirthDate>11/15/2001</BirthDate>
		<JobTitle>IT sales professional</JobTitle>
		<OrganizationID>4e0719FBE38e0aB</OrganizationID>
	</Employee>
	<Employee>
		<UserID>dBCEf340C3657Eb</UserID>
		<FirstName>Caitlyn</FirstName>
		<LastName>Frey</LastName>
		<Sex>Male</Sex>
		<Email>rivasdominique@example.org</Email>
		<Phone>805-021-6344</Phone>
		<BirthDate>1/26/1968</BirthDate>
		<JobTitle>Jewellery designer</JobTitle>
		<OrganizationID>EF5B55FadccB8Fe</OrganizationID>
	</Employee>
	<Employee>
		<UserID>E1cB5cA8CA7CC0a</UserID>
		<FirstName>Andrew</FirstName>
		<LastName>Waters</LastName>
		<Sex>Male</Sex>
		<Email>nhall@example.net</Email>
		<Phone>376-865-2751</Phone>
		<BirthDate>5/14/1978</BirthDate>
		<JobTitle>Jewellery designer</JobTitle>
		<OrganizationID>D2c91cc03CA394c</OrganizationID>
	</Employee>
	<Employee>
		<UserID>baDcC4DeefD8dEB</UserID>
		<FirstName>Dave</FirstName>
		<LastName>Farrell</LastName>
		<Sex>Male</Sex>
		<Email>nmccann@example.net</Email>
		<Phone>603-428-7392</Phone>
		<BirthDate>10/6/1995</BirthDate>
		<JobTitle>Lawyer</JobTitle>
		<OrganizationID>219233e8aFF1BC3</OrganizationID>
	</Employee>
	<Employee>
		<UserID>E883773cA5219Be</UserID>
		<FirstName>Helen</FirstName>
		<LastName>Williamson</LastName>
		<Sex>Female</Sex>
		<Email>melvin08@example.net</Email>
		<Phone>377-726-4229</Phone>
		<BirthDate>8/11/1981</BirthDate>
		<JobTitle>Lecturer, further education</JobTitle>
		<OrganizationID>f3C365f0c1A0623</OrganizationID>
	</Employee>
	<Employee>
		<UserID>fFe7BAA737aDbe2</UserID>
		<FirstName>Miguel</FirstName>
		<LastName>Hill</LastName>
		<Sex>Female</Sex>
		<Email>tyrone56@example.org</Email>
		<Phone>524-784-2945</Phone>
		<BirthDate>8/26/1990</BirthDate>
		<JobTitle>Make</JobTitle>
		<OrganizationID>aeBe26B80a7a23c</OrganizationID>
	</Employee>
	<Employee>
		<UserID>9edBC94aE7cA22a</UserID>
		<FirstName>Willie</FirstName>
		<LastName>Vang</LastName>
		<Sex>Female</Sex>
		<Email>haleymathews@example.net</Email>
		<Phone>741-168-6067</Phone>
		<BirthDate>2/2/1978</BirthDate>
		<JobTitle>Management consultant</JobTitle>
		<OrganizationID>FAB0d41d5b5d22c</OrganizationID>
	</Employee>
	<Employee>
		<UserID>A31Bee3c201ef58</UserID>
		<FirstName>Yesenia</FirstName>
		<LastName>Martinez</LastName>
		<Sex>Male</Sex>
		<Email>kaitlinkaiser@example.com</Email>
		<Phone>584-094-6111</Phone>
		<BirthDate>8/3/2000</BirthDate>
		<JobTitle>Market researcher</JobTitle>
		<OrganizationID>f9F7bBCAEeC360F</OrganizationID>
	</Employee>
	<Employee>
		<UserID>D8bF5Ab2b98caff</UserID>
		<FirstName>Mackenzie</FirstName>
		<LastName>Rocha</LastName>
		<Sex>Female</Sex>
		<Email>abbottyvette@example.net</Email>
		<Phone>422-552-5458</Phone>
		<BirthDate>10/21/1980</BirthDate>
		<JobTitle>Museum/gallery exhibitions officer</JobTitle>
		<OrganizationID>Dfef38C51D8DAe3</OrganizationID>
	</Employee>
	<Employee>
		<UserID>0aBE5ACb18E0c10</UserID>
		<FirstName>Jackie</FirstName>
		<LastName>Bennett</LastName>
		<Sex>Male</Sex>
		<Email>hutchinsonkirk@example.com</Email>
		<Phone>740-937-0887</Phone>
		<BirthDate>11/11/1985</BirthDate>
		<JobTitle>Neurosurgeon</JobTitle>
		<OrganizationID>dFfD6a6F9AC2d9C</OrganizationID>
	</Employee>
	<Employee>
		<UserID>AdEd6cfD85DeC46</UserID>
		<FirstName>Jermaine</FirstName>
		<LastName>Reid</LastName>
		<Sex>Female</Sex>
		<Email>vpaul@example.com</Email>
		<Phone>(742)214-8691</Phone>
		<BirthDate>8/18/1974</BirthDate>
		<JobTitle>Newspaper journalist</JobTitle>
		<OrganizationID>ba179F19F7925f5</OrganizationID>
	</Employee>
	<Employee>
		<UserID>cBbBcA0FCA3C4Bc</UserID>
		<FirstName>Randy</FirstName>
		<LastName>Barnes</LastName>
		<Sex>Male</Sex>
		<Email>huangbill@example.org</Email>
		<Phone>960-629-7214</Phone>
		<BirthDate>12/30/1977</BirthDate>
		<JobTitle>Outdoor activities/education manager</JobTitle>
		<OrganizationID>AE61b8Ffebbc476</OrganizationID>
	</Employee>
	<Employee>
		<UserID>b6a35de5CB6fc25</UserID>
		<FirstName>Cynthia</FirstName>
		<LastName>Wiggins</LastName>
		<Sex>Female</Sex>
		<Email>rosariodave@example.org</Email>
		<Phone>(110)858-7190</Phone>
		<BirthDate>1/27/1984</BirthDate>
		<JobTitle>Outdoor activities/education manager</JobTitle>
		<OrganizationID>055ffEfB2Dd95B0</OrganizationID>
	</Employee>
	<Employee>
		<UserID>88473e15D5c3cD0</UserID>
		<FirstName>Jared</FirstName>
		<LastName>Mitchell</LastName>
		<Sex>Female</Sex>
		<Email>jcortez@example.com</Email>
		<Phone>878-241-8587</Phone>
		<BirthDate>1/18/1991</BirthDate>
		<JobTitle>Paediatric nurse</JobTitle>
		<OrganizationID>F4Dc1417BC6cb8f</OrganizationID>
	</Employee>
	<Employee>
		<UserID>9F5DeD7aD228F5a</UserID>
		<FirstName>Beverly</FirstName>
		<LastName>Esparza</LastName>
		<Sex>Female</Sex>
		<Email>iphelps@example.net</Email>
		<Phone>327-578-8771</Phone>
		<BirthDate>12/9/1973</BirthDate>
		<JobTitle>Passenger transport manager</JobTitle>
		<OrganizationID>FEC51bce8421a7b</OrganizationID>
	</Employee>
	<Employee>
		<UserID>F0aeC9c2759F3C6</UserID>
		<FirstName>Alison</FirstName>
		<LastName>Nixon</LastName>
		<Sex>Female</Sex>
		<Email>zmiles@example.net</Email>
		<Phone>350-668-0871</Phone>
		<BirthDate>7/10/1981</BirthDate>
		<JobTitle>Patent attorney</JobTitle>
		<OrganizationID>b5D10A14f7a8AfE</OrganizationID>
	</Employee>
	<Employee>
		<UserID>CD8d33aA25bc8BB</UserID>
		<FirstName>Courtney</FirstName>
		<LastName>Watkins</LastName>
		<Sex>Female</Sex>
		<Email>ochang@example.org</Email>
		<Phone>210-683-5883</Phone>
		<BirthDate>12/7/2001</BirthDate>
		<JobTitle>Pension scheme manager</JobTitle>
		<OrganizationID>5c2EffEfdba2BdF</OrganizationID>
	</Employee>
	<Employee>
		<UserID>0f8deedb629A5f6</UserID>
		<FirstName>Grace</FirstName>
		<LastName>Phelps</LastName>
		<Sex>Male</Sex>
		<Email>clarkeangela@example.net</Email>
		<Phone>(034)867-882-6777</Phone>
		<BirthDate>10/15/1989</BirthDate>
		<JobTitle>Petroleum engineer</JobTitle>
		<OrganizationID>AC5B7AA74Aa4A2E</OrganizationID>
	</Employee>
	<Employee>
		<UserID>6a53a8D41dDF6de</UserID>
		<FirstName>Ryan</FirstName>
		<LastName>Benton</LastName>
		<Sex>Male</Sex>
		<Email>lopezdebbie@example.org</Email>
		<Phone>695-557-9485</Phone>
		<BirthDate>10/6/1982</BirthDate>
		<JobTitle>Physiological scientist</JobTitle>
		<OrganizationID>485f5d06B938F2b</OrganizationID>
	</Employee>
	<Employee>
		<UserID>aF0eE4547Bc025c</UserID>
		<FirstName>Brian</FirstName>
		<LastName>Oconnell</LastName>
		<Sex>Female</Sex>
		<Email>saralong@example.net</Email>
		<Phone>952-283-1733</Phone>
		<BirthDate>10/23/1971</BirthDate>
		<JobTitle>Physiotherapist</JobTitle>
		<OrganizationID>c1Ce9B350BAc66b</OrganizationID>
	</Employee>
	<Employee>
		<UserID>f90cD3E76f1A9b9</UserID>
		<FirstName>Phillip</FirstName>
		<LastName>Summers</LastName>
		<Sex>Female</Sex>
		<Email>bethany14@example.com</Email>
		<Phone>214-112-6913</Phone>
		<BirthDate>3/24/1990</BirthDate>
		<JobTitle>Phytotherapist</JobTitle>
		<OrganizationID>7dd18Fb7cB07b65</OrganizationID>
	</Employee>
	<Employee>
		<UserID>2fEc528aFAF0b69</UserID>
		<FirstName>Wesley</FirstName>
		<LastName>Bray</LastName>
		<Sex>Male</Sex>
		<Email>regina11@example.org</Email>
		<Phone>995-542-7680</Phone>
		<BirthDate>12/28/1994</BirthDate>
		<JobTitle>Police officer</JobTitle>
		<OrganizationID>8de40AC4e6EaCa4</OrganizationID>
	</Employee>
	<Employee>
		<UserID>dade3452F0c32FD</UserID>
		<FirstName>Jonathon</FirstName>
		<LastName>Atkinson</LastName>
		<Sex>Male</Sex>
		<Email>gailfrench@example.net</Email>
		<Phone>874-037-2032</Phone>
		<BirthDate>7/19/1987</BirthDate>
		<JobTitle>Psychologist, forensic</JobTitle>
		<OrganizationID>BA6Cd9Dae2Efd62</OrganizationID>
	</Employee>
	<Employee>
		<UserID>DAf111987098ae4</UserID>
		<FirstName>Regina</FirstName>
		<LastName>Stevens</LastName>
		<Sex>Male</Sex>
		<Email>xpoole@example.net</Email>
		<Phone>891-359-2684</Phone>
		<BirthDate>11/28/1972</BirthDate>
		<JobTitle>Public house manager</JobTitle>
		<OrganizationID>EF5B55FadccB8Fe</OrganizationID>
	</Employee>
	<Employee>
		<UserID>b3e15e65Ca2CcBf</UserID>
		<FirstName>Tina</FirstName>
		<LastName>Cunningham</LastName>
		<Sex>Male</Sex>
		<Email>wongmary@example.org</Email>
		<Phone>079-907-5051</Phone>
		<BirthDate>11/29/1986</BirthDate>
		<JobTitle>Race relations officer</JobTitle>
		<OrganizationID>ce57DCbcFD6d618</OrganizationID>
	</Employee>
	<Employee>
		<UserID>ddEc50e2A2e3a2B</UserID>
		<FirstName>Brittney</FirstName>
		<LastName>Vega</LastName>
		<Sex>Female</Sex>
		<Email>ayalajose@example.net</Email>
		<Phone>945-739-8686</Phone>
		<BirthDate>10/31/1973</BirthDate>
		<JobTitle>Recycling officer</JobTitle>
		<OrganizationID>0B4F93aA06ED03e</OrganizationID>
	</Employee>
	<Employee>
		<UserID>035eff50B9A0F24</UserID>
		<FirstName>Melody</FirstName>
		<LastName>Cook</LastName>
		<Sex>Male</Sex>
		<Email>jeannovak@example.org</Email>
		<Phone>(826)792-7381</Phone>
		<BirthDate>6/25/1983</BirthDate>
		<JobTitle>Research scientist (life sciences)</JobTitle>
		<OrganizationID>9E6Acb51e3F9d6F</OrganizationID>
	</Employee>
	<Employee>
		<UserID>CB19EafEbBfF9eC</UserID>
		<FirstName>Mario</FirstName>
		<LastName>Vaughn</LastName>
		<Sex>Male</Sex>
		<Email>oblake@example.com</Email>
		<Phone>160-144-5276</Phone>
		<BirthDate>7/8/1990</BirthDate>
		<JobTitle>Research scientist (life sciences)</JobTitle>
		<OrganizationID>AFc285dbE2fEd24</OrganizationID>
	</Employee>
	<Employee>
		<UserID>5F2f3fAca8B0946</UserID>
		<FirstName>Darren</FirstName>
		<LastName>Andrews</LastName>
		<Sex>Male</Sex>
		<Email>lhernandez@example.com</Email>
		<Phone>(975)799-4261</Phone>
		<BirthDate>10/4/1997</BirthDate>
		<JobTitle>Retail banker</JobTitle>
		<OrganizationID>A0B9d56e61070e3</OrganizationID>
	</Employee>
	<Employee>
		<UserID>Ed724605A403D91</UserID>
		<FirstName>Kelli</FirstName>
		<LastName>Garner</LastName>
		<Sex>Male</Sex>
		<Email>jodyvincent@example.org</Email>
		<Phone>995-421-7982</Phone>
		<BirthDate>1/17/1970</BirthDate>
		<JobTitle>Retail banker</JobTitle>
		<OrganizationID>dEbDAAeDfaed00A</OrganizationID>
	</Employee>
	<Employee>
		<UserID>C03fDADdAadAdCe</UserID>
		<FirstName>Mandy</FirstName>
		<LastName>Blake</LastName>
		<Sex>Male</Sex>
		<Email>jefferynoble@example.org</Email>
		<Phone>(992)466-139-4947</Phone>
		<BirthDate>12/8/1987</BirthDate>
		<JobTitle>Scientist, clinical (histocompatibility and immunogenetics)</JobTitle>
		<OrganizationID>5c2EffEfdba2BdF</OrganizationID>
	</Employee>
	<Employee>
		<UserID>7D0AcBF6CCac3fd</UserID>
		<FirstName>Matthew</FirstName>
		<LastName>Stone</LastName>
		<Sex>Female</Sex>
		<Email>evelyn31@example.org</Email>
		<Phone>952-381-6360</Phone>
		<BirthDate>8/23/1977</BirthDate>
		<JobTitle>Scientist, clinical (histocompatibility and immunogenetics)</JobTitle>
		<OrganizationID>6A7EdDEA9FaDC52</OrganizationID>
	</Employee>
	<Employee>
		<UserID>b31D271F8c200AB</UserID>
		<FirstName>Jacqueline</FirstName>
		<LastName>Norton</LastName>
		<Sex>Female</Sex>
		<Email>carias@example.net</Email>
		<Phone>819-309-9173</Phone>
		<BirthDate>10/9/1982</BirthDate>
		<JobTitle>Scientist, marine</JobTitle>
		<OrganizationID>c1Ce9B350BAc66b</OrganizationID>
	</Employee>
	<Employee>
		<UserID>cEf02C076afa07f</UserID>
		<FirstName>Larry</FirstName>
		<LastName>Harper</LastName>
		<Sex>Male</Sex>
		<Email>maria32@example.org</Email>
		<Phone>244-630-7121</Phone>
		<BirthDate>5/5/1988</BirthDate>
		<JobTitle>Scientist, water quality</JobTitle>
		<OrganizationID>B97a6CF9bf5983C</OrganizationID>
	</Employee>
	<Employee>
		<UserID>D6dbA5308fEC4BC</UserID>
		<FirstName>Maurice</FirstName>
		<LastName>Rangel</LastName>
		<Sex>Male</Sex>
		<Email>sheenabanks@example.com</Email>
		<Phone>(246)187-4969</Phone>
		<BirthDate>8/20/2000</BirthDate>
		<JobTitle>Secretary/administrator</JobTitle>
		<OrganizationID>738b5aDe6B1C6A5</OrganizationID>
	</Employee>
	<Employee>
		<UserID>8Ef7DBfcaB02b6B</UserID>
		<FirstName>Bonnie</FirstName>
		<LastName>Andrews</LastName>
		<Sex>Female</Sex>
		<Email>caitlin24@example.net</Email>
		<Phone>253-987-9161</Phone>
		<BirthDate>12/21/1983</BirthDate>
		<JobTitle>Seismic interpreter</JobTitle>
		<OrganizationID>cBa7EFe5D05Adaf</OrganizationID>
	</Employee>
	<Employee>
		<UserID>Ee4eB129dC7913A</UserID>
		<FirstName>Becky</FirstName>
		<LastName>Brady</LastName>
		<Sex>Male</Sex>
		<Email>erikmueller@example.org</Email>
		<Phone>(390)002-0863</Phone>
		<BirthDate>6/27/1977</BirthDate>
		<JobTitle>Seismic interpreter</JobTitle>
		<OrganizationID>4B217cC5a0674C5</OrganizationID>
	</Employee>
	<Employee>
		<UserID>3Fb8a7f68e12784</UserID>
		<FirstName>Jackson</FirstName>
		<LastName>Sparks</LastName>
		<Sex>Female</Sex>
		<Email>reynoldsdarryl@example.net</Email>
		<Phone>(137)908-6535</Phone>
		<BirthDate>11/18/1980</BirthDate>
		<JobTitle>Set designer</JobTitle>
		<OrganizationID>4e0719FBE38e0aB</OrganizationID>
	</Employee>
	<Employee>
		<UserID>b759b74BD1dE80d</UserID>
		<FirstName>Bridget</FirstName>
		<LastName>Nash</LastName>
		<Sex>Female</Sex>
		<Email>mercedes44@example.com</Email>
		<Phone>(216)627-8359</Phone>
		<BirthDate>6/28/1974</BirthDate>
		<JobTitle>Social worker</JobTitle>
		<OrganizationID>decab0D5027CA6a</OrganizationID>
	</Employee>
	<Employee>
		<UserID>5eFda7caAeB260E</UserID>
		<FirstName>Dennis</FirstName>
		<LastName>Barnes</LastName>
		<Sex>Female</Sex>
		<Email>bmartin@example.org</Email>
		<Phone>095-524-2257</Phone>
		<BirthDate>7/30/1984</BirthDate>
		<JobTitle>Software engineer</JobTitle>
		<OrganizationID>Aad86a4F0385F2d</OrganizationID>
	</Employee>
	<Employee>
		<UserID>60FdBFd5e7BE8fF</UserID>
		<FirstName>Debra</FirstName>
		<LastName>Payne</LastName>
		<Sex>Female</Sex>
		<Email>yolanda07@example.org</Email>
		<Phone>731-525-2593</Phone>
		<BirthDate>8/20/1997</BirthDate>
		<JobTitle>Special educational needs teacher</JobTitle>
		<OrganizationID>7dd18Fb7cB07b65</OrganizationID>
	</Employee>
	<Employee>
		<UserID>50Bb061cB30B461</UserID>
		<FirstName>Thomas</FirstName>
		<LastName>Knight</LastName>
		<Sex>Female</Sex>
		<Email>braunpriscilla@example.net</Email>
		<Phone>684-224-2005</Phone>
		<BirthDate>2/18/1988</BirthDate>
		<JobTitle>Sport and exercise psychologist</JobTitle>
		<OrganizationID>49aECbDaE6aBD53</OrganizationID>
	</Employee>
	<Employee>
		<UserID>dBfA17Aaf16b4ab</UserID>
		<FirstName>Veronica</FirstName>
		<LastName>Briggs</LastName>
		<Sex>Female</Sex>
		<Email>weissbridget@example.com</Email>
		<Phone>521-589-4840</Phone>
		<BirthDate>6/8/1974</BirthDate>
		<JobTitle>Structural engineer</JobTitle>
		<OrganizationID>E7df80C60Abd7f9</OrganizationID>
	</Employee>
	<Employee>
		<UserID>ACcde95AAe3e6cC</UserID>
		<FirstName>Gene</FirstName>
		<LastName>Rich</LastName>
		<Sex>Female</Sex>
		<Email>luisdeleon@example.org</Email>
		<Phone>356-818-8957</Phone>
		<BirthDate>8/22/1996</BirthDate>
		<JobTitle>Surveyor, quantity</JobTitle>
		<OrganizationID>6A7EdDEA9FaDC52</OrganizationID>
	</Employee>
	<Employee>
		<UserID>c5B09fb33e8bA0A</UserID>
		<FirstName>Alfred</FirstName>
		<LastName>Mcneil</LastName>
		<Sex>Female</Sex>
		<Email>cassandramorris@example.com</Email>
		<Phone>(468)276-3058</Phone>
		<BirthDate>5/28/1993</BirthDate>
		<JobTitle>Systems analyst</JobTitle>
		<OrganizationID>7D9FBF85cdC3871</OrganizationID>
	</Employee>
	<Employee>
		<UserID>7F7E1BAcb0C9AFf</UserID>
		<FirstName>Alvin</FirstName>
		<LastName>Paul</LastName>
		<Sex>Male</Sex>
		<Email>gilbertdonaldson@example.com</Email>
		<Phone>219-436-0751</Phone>
		<BirthDate>5/12/1989</BirthDate>
		<JobTitle>Teacher, adult education</JobTitle>
		<OrganizationID>aAeb29ad43886C6</OrganizationID>
	</Employee>
	<Employee>
		<UserID>5834700fbEd2771</UserID>
		<FirstName>Chelsea</FirstName>
		<LastName>Dickson</LastName>
		<Sex>Male</Sex>
		<Email>johnnyhendricks@example.net</Email>
		<Phone>098-651-0138</Phone>
		<BirthDate>5/13/1978</BirthDate>
		<JobTitle>Teacher, early years/pre</JobTitle>
		<OrganizationID>eb3B7D06cCdD609</OrganizationID>
	</Employee>
	<Employee>
		<UserID>3f3a3D89ad042Dd</UserID>
		<FirstName>Harry</FirstName>
		<LastName>Medina</LastName>
		<Sex>Female</Sex>
		<Email>olsenmalik@example.net</Email>
		<Phone>746-994-6354</Phone>
		<BirthDate>8/24/1987</BirthDate>
		<JobTitle>Technical sales engineer</JobTitle>
		<OrganizationID>bC0CEd48A8000E0</OrganizationID>
	</Employee>
	<Employee>
		<UserID>2b0Ab1Dc9E01D7E</UserID>
		<FirstName>Dustin</FirstName>
		<LastName>Bailey</LastName>
		<Sex>Male</Sex>
		<Email>pbarron@example.net</Email>
		<Phone>965-621-1345</Phone>
		<BirthDate>8/22/1978</BirthDate>
		<JobTitle>Travel agency manager</JobTitle>
		<OrganizationID>dEbDAAeDfaed00A</OrganizationID>
	</Employee>
	<Employee>
		<UserID>1bA7A3dc874da3c</UserID>
		<FirstName>Lori</FirstName>
		<LastName>Todd</LastName>
		<Sex>Male</Sex>
		<Email>buchananmanuel@example.net</Email>
		<Phone>689-207-3533</Phone>
		<BirthDate>12/1/1998</BirthDate>
		<JobTitle>Veterinary surgeon</JobTitle>
		<OrganizationID>cBfe4dbAE1699da</OrganizationID>
	</Employee>
	<Employee>
		<UserID>F738c69fB34E62E</UserID>
		<FirstName>Stacy</FirstName>
		<LastName>Newton</LastName>
		<Sex>Male</Sex>
		<Email>rayleroy@example.org</Email>
		<Phone>710-673-0335</Phone>
		<BirthDate>10/20/1980</BirthDate>
		<JobTitle>Warden/ranger</JobTitle>
		<OrganizationID>ED889CB2FE9cbd3</OrganizationID>
	</Employee>
	<Employee>
		<UserID>e75e5DBfcb68887</UserID>
		<FirstName>Sandra</FirstName>
		<LastName>Wu</LastName>
		<Sex>Male</Sex>
		<Email>ubanks@example.com</Email>
		<Phone>096-645-8067</Phone>
		<BirthDate>4/28/1975</BirthDate>
		<JobTitle>Warehouse manager</JobTitle>
		<OrganizationID>0a0bfFbBbB8eC7c</OrganizationID>
	</Employee>
	<Employee>
		<UserID>bfDD7CDEF5D865B</UserID>
		<FirstName>Erin</FirstName>
		<LastName>Day</LastName>
		<Sex>Male</Sex>
		<Email>tconner@example.org</Email>
		<Phone>171-649-5553</Phone>
		<BirthDate>10/28/1970</BirthDate>
		<JobTitle>Waste management officer</JobTitle>
		<OrganizationID>5DCb8A5a5ca03c0</OrganizationID>
	</Employee>
</Employees>