<?xml version="1.0" encoding="UTF-8"?>
<Organizations>
	<Organization>
		<OrganizationID>FAB0d41d5b5d22c</OrganizationID>
		<Name>Ferrell LLC</Name>
		<Website>https://price.net/</Website>
		<Country>Papua New Guinea</Country>
		<Description>Horizontal empowering knowledgebase</Description>
		<Founded>1990</Founded>
		<Industry>Plastics</Industry>
		<NumberEmployees>3498</NumberEmployees>
	</Organization>
	<Organization>
		<OrganizationID>6A7EdDEA9FaDC52</OrganizationID>
		<Name>Mckinney, Riley and Day</Name>
		<Website>http://www.hall-buchanan.info/</Website>
		<Country>Finland</Country>
		<Description>User-centric system-worthy leverage</Description>
		<Founded>2015</Founded>
		<Industry>Glass / Ceramics / Concrete</Industry>
		<NumberEmployees>4952</NumberEmployees>
	</Organization>
	<Organization>
		<OrganizationID>0bFED1ADAE4bcC1</OrganizationID>
		<Name>Hester Ltd</Name>
		<Website>http://sullivan-reed.com/</Website>
		<Country>China</Country>
		<Description>Switchable scalable moratorium</Description>
		<Founded>1971</Founded>
		<Industry>Public Safety</Industry>
		<NumberEmployees>5287</NumberEmployees>
	</Organization>
	<Organization>
		<OrganizationID>2bFC1Be8a4ce42f</OrganizationID>
		<Name>Holder-Sellers</Name>
		<Website>https://becker.com/</Website>
		<Country>Turkmenistan</Country>
		<Description>De-engineered systemic artificial intelligence</Description>
		<Founded>2004</Founded>
		<Industry>Automotive</Industry>
		<NumberEmployees>921</NumberEmployees>
	</Organization>
	<Organization>
		<OrganizationID>9eE8A6a4Eb96C24</OrganizationID>
		<Name>Mayer Group</Name>
		<Website>http://www.brewer.com/</Website>
		<Country>Mauritius</Country>
		<Description>Synchronized needs-based challenge</Description>
		<Founded>1991</Founded>
		<Industry>Transportation</Industry>
		<NumberEmployees>7870</NumberEmployees>
	</Organization>
	<Organization>
		<OrganizationID>cC757116fe1C085</OrganizationID>
		<Name>Henry-Thompson</Name>
		<Website>http://morse.net/</Website>
		<Country>Bahamas</Country>
		<Description>Face-to-face well-modulated customer loyalty</Description>
		<Founded>1992</Founded>
		<Industry>Primary / Secondary Education</Industry>
		<NumberEmployees>4914</NumberEmployees>
	</Organization>
	<Organization>
		<OrganizationID>219233e8aFF1BC3</OrganizationID>
		<Name>Hansen-Everett</Name>
		<Website>https://www.kidd.org/</Website>
		<Country>Pakistan</Country>
		<Description>Seamless disintermediate collaboration</Description>
		<Founded>2018</Founded>
		<Industry>Publishing Industry</Industry>
		<NumberEmployees>7832</NumberEmployees>
	</Organization>
	<Organization>
		<OrganizationID>ccc93DCF81a31CD</OrganizationID>
		<Name>Mcintosh-Mora</Name>
		<Website>https://www.brooks.com/</Website>
		<Country>Heard Island and McDonald Islands</Country>
		<Description>Centralized attitude-oriented capability</Description>
		<Founded>1970</Founded>
		<Industry>Import / Export</Industry>
		<NumberEmployees>4389</NumberEmployees>
	</Organization>
	<Organization>
		<OrganizationID>0B4F93aA06ED03e</OrganizationID>
		<Name>Carr Inc</Name>
		<Website>http://ross.com/</Website>
		<Country>Kuwait</Country>
		<Description>Distributed impactful customer loyalty</Description>
		<Founded>1996</Founded>
		<Industry>Plastics</Industry>
		<NumberEmployees>8167</NumberEmployees>
	</Organization>
	<Organization>
		<OrganizationID>738b5aDe6B1C6A5</OrganizationID>
		<Name>Gaines Inc</Name>
		<Website>http://sandoval-hooper.com/</Website>
		<Country>Uzbekistan</Country>
		<Description>Multi-lateral scalable protocol</Description>
		<Founded>1997</Founded>
		<Industry>Outsourcing / Offshoring</Industry>
		<NumberEmployees>9698</NumberEmployees>
	</Organization>
	<Organization>
		<OrganizationID>AE61b8Ffebbc476</OrganizationID>
		<Name>Kidd Group</Name>
		<Website>http://www.lyons.com/</Website>
		<Country>Bouvet Island (Bouvetoya)</Country>
		<Description>Proactive foreground paradigm</Description>
		<Founded>2001</Founded>
		<Industry>Primary / Secondary Education</Industry>
		<NumberEmployees>7473</NumberEmployees>
	</Organization>
	<Organization>
		<OrganizationID>eb3B7D06cCdD609</OrganizationID>
		<Name>Crane-Clarke</Name>
		<Website>https://www.sandoval.com/</Website>
		<Country>Denmark</Country>
		<Description>Front-line clear-thinking encryption</Description>
		<Founded>2014</Founded>
		<Industry>Food / Beverages</Industry>
		<NumberEmployees>9011</NumberEmployees>
	</Organization>
	<Organization>
		<OrganizationID>8D0c29189C9798B</OrganizationID>
		<Name>Keller, Campos and Black</Name>
		<Website>https://www.garner.info/</Website>
		<Country>Liberia</Country>
		<Description>Ameliorated directional emulation</Description>
		<Founded>2020</Founded>
		<Industry>Museums / Institutions</Industry>
		<NumberEmployees>2862</NumberEmployees>
	</Organization>
	<Organization>
		<OrganizationID>D2c91cc03CA394c</OrganizationID>
		<Name>Glover-Pope</Name>
		<Website>http://www.silva.biz/</Website>
		<Country>United Arab Emirates</Country>
		<Description>Persevering contextually-based approach</Description>
		<Founded>2013</Founded>
		<Industry>Medical Practice</Industry>
		<NumberEmployees>9079</NumberEmployees>
	</Organization>
	<Organization>
		<OrganizationID>C8AC1eaf9C036F4</OrganizationID>
		<Name>Pacheco-Spears</Name>
		<Website>https://aguilar.com/</Website>
		<Country>Sweden</Country>
		<Description>Secured logistical synergy</Description>
		<Founded>1984</Founded>
		<Industry>Maritime</Industry>
		<NumberEmployees>769</NumberEmployees>
	</Organization>
	<Organization>
		<OrganizationID>b5D10A14f7a8AfE</OrganizationID>
		<Name>Hodge-Ayers</Name>
		<Website>http://www.archer-elliott.com/</Website>
		<Country>Honduras</Country>
		<Description>Future-proofed radical implementation</Description>
		<Founded>1990</Founded>
		<Industry>Facilities Services</Industry>
		<NumberEmployees>8508</NumberEmployees>
	</Organization>
	<Organization>
		<OrganizationID>68139b5C4De03B4</OrganizationID>
		<Name>Bowers, Guerra and Krause</Name>
		<Website>http://www.carrillo-nicholson.com/</Website>
		<Country>Uganda</Country>
		<Description>De-engineered transitional strategy</Description>
		<Founded>1972</Founded>
		<Industry>Primary / Secondary Education</Industry>
		<NumberEmployees>6986</NumberEmployees>
	</Organization>
	<Organization>
		<OrganizationID>5c2EffEfdba2BdF</OrganizationID>
		<Name>Mckenzie-Melton</Name>
		<Website>http://montoya-thompson.com/</Website>
		<Country>Yemen</Country>
		<Description>Reverse-engineered heuristic alliance</Description>
		<Founded>1998</Founded>
		<Industry>Investment Management / Hedge Fund / Private Equity</Industry>
		<NumberEmployees>4589</NumberEmployees>
	</Organization>
	<Organization>
		<OrganizationID>ba179F19F7925f5</OrganizationID>
		<Name>Branch-Mann</Name>
		<Website>http://www.lozano.com/</Website>
		<Country>Botswana</Country>
		<Description>Adaptive intangible frame</Description>
		<Founded>1999</Founded>
		<Industry>Architecture / Planning</Industry>
		<NumberEmployees>7961</NumberEmployees>
	</Organization>
	<Organization>
		<OrganizationID>c1Ce9B350BAc66b</OrganizationID>
		<Name>Weiss and Sons</Name>
		<Website>https://barrett.com/</Website>
		<Country>Korea</Country>
		<Description>Sharable optimal functionalities</Description>
		<Founded>2011</Founded>
		<Industry>Plastics</Industry>
		<NumberEmployees>5984</NumberEmployees>
	</Organization>
	<Organization>
		<OrganizationID>8de40AC4e6EaCa4</OrganizationID>
		<Name>Velez, Payne and Coffey</Name>
		<Website>http://burton.com/</Website>
		<Country>Luxembourg</Country>
		<Description>Mandatory coherent synergy</Description>
		<Founded>1986</Founded>
		<Industry>Wholesale</Industry>
		<NumberEmployees>5010</NumberEmployees>
	</Organization>
	<Organization>
		<OrganizationID>Aad86a4F0385F2d</OrganizationID>
		<Name>Harrell LLC</Name>
		<Website>http://www.frey-rosario.com/</Website>
		<Country>Guadeloupe</Country>
		<Description>Reverse-engineered mission-critical moratorium</Description>
		<Founded>2018</Founded>
		<Industry>Construction</Industry>
		<NumberEmployees>2185</NumberEmployees>
	</Organization>
	<Organization>
		<OrganizationID>22aC3FFd64fD703</OrganizationID>
		<Name>Eaton, Reynolds and Vargas</Name>
		<Website>http://www.freeman.biz/</Website>
		<Country>Monaco</Country>
		<Description>Self-enabling multi-tasking process improvement</Description>
		<Founded>2014</Founded>
		<Industry>Luxury Goods / Jewelry</Industry>
		<NumberEmployees>8987</NumberEmployees>
	</Organization>
	<Organization>
		<OrganizationID>5Ec4C272bCf085c</OrganizationID>
		<Name>Robbins-Cummings</Name>
		<Website>http://donaldson-wilkins.com/</Website>
		<Country>Belgium</Country>
		<Description>Organic non-volatile hierarchy</Description>
		<Founded>1991</Founded>
		<Industry>Pharmaceuticals</Industry>
		<NumberEmployees>5038</NumberEmployees>
	</Organization>
	<Organization>
		<OrganizationID>5fDBeA8BB91a000</OrganizationID>
		<Name>Jenkins Inc</Name>
		<Website>http://www.kirk.biz/</Website>
		<Country>South Africa</Country>
		<Description>Front-line systematic help-desk</Description>
		<Founded>2002</Founded>
		<Industry>Insurance</Industry>
		<NumberEmployees>1215</NumberEmployees>
	</Organization>
	<Organization>
		<OrganizationID>dFfD6a6F9AC2d9C</OrganizationID>
		<Name>Greene, Benjamin and Novak</Name>
		<Website>http://www.kent.net/</Website>
		<Country>Romania</Country>
		<Description>Centralized leadingedge moratorium</Description>
		<Founded>2012</Founded>
		<Industry>Museums / Institutions</Industry>
		<NumberEmployees>4941</NumberEmployees>
	</Organization>
	<Organization>
		<OrganizationID>4B217cC5a0674C5</OrganizationID>
		<Name>Dickson, Richmond and Clay</Name>
		<Website>http://everett.com/</Website>
		<Country>Czech Republic</Country>
		<Description>Team-oriented tangible complexity</Description>
		<Founded>1980</Founded>
		<Industry>Real Estate / Mortgage</Industry>
		<NumberEmployees>3122</NumberEmployees>
	</Organization>
	<Organization>
		<OrganizationID>88b1f1cDcf59a37</OrganizationID>
		<Name>Prince-David</Name>
		<Website>http://thompson.com/</Website>
		<Country>Christmas Island</Country>
		<Description>Virtual holistic methodology</Description>
		<Founded>1970</Founded>
		<Industry>Banking / Mortgage</Industry>
		<NumberEmployees>1046</NumberEmployees>
	</Organization>
	<Organization>
		<OrganizationID>f9F7bBCAEeC360F</OrganizationID>
		<Name>Ayala LLC</Name>
		<Website>http://www.zhang.com/</Website>
		<Country>Philippines</Country>
		<Description>Open-source zero administration hierarchy</Description>
		<Founded>2021</Founded>
		<Industry>Legal Services</Industry>
		<NumberEmployees>7664</NumberEmployees>
	</Organization>
	<Organization>
		<OrganizationID>7Cb3AeFcE4Ba31e</OrganizationID>
		<Name>Rivas Group</Name>
		<Website>https://hebert.org/</Website>
		<Country>Australia</Country>
		<Description>Open-architected well-modulated capacity</Description>
		<Founded>1998</Founded>
		<Industry>Logistics / Procurement</Industry>
		<NumberEmployees>4155</NumberEmployees>
	</Organization>
	<Organization>
		<OrganizationID>ccBcC32adcbc530</OrganizationID>
		<Name>Sloan, Mays and Whitehead</Name>
		<Website>http://lawson.com/</Website>
		<Country>Chad</Country>
		<Description>Face-to-face high-level conglomeration</Description>
		<Founded>1997</Founded>
		<Industry>Civil Engineering</Industry>
		<NumberEmployees>365</NumberEmployees>
	</Organization>
	<Organization>
		<OrganizationID>f5afd686b3d05F5</OrganizationID>
		<Name>Durham, Allen and Barnes</Name>
		<Website>http://chan-stafford.org/</Website>
		<Country>Zimbabwe</Country>
		<Description>Synergistic web-enabled framework</Description>
		<Founded>1993</Founded>
		<Industry>Mechanical or Industrial Engineering</Industry>
		<NumberEmployees>6135</NumberEmployees>
	</Organization>
	<Organization>
		<OrganizationID>38C6cfC5074Fa5e</OrganizationID>
		<Name>Fritz-Franklin</Name>
		<Website>http://www.lambert.com/</Website>
		<Country>Nepal</Country>
		<Description>Automated 4thgeneration website</Description>
		<Founded>1972</Founded>
		<Industry>Hospitality</Industry>
		<NumberEmployees>4516</NumberEmployees>
	</Organization>
	<Organization>
		<OrganizationID>5Cd7efccCcba38f</OrganizationID>
		<Name>Burch-Ewing</Name>
		<Website>http://cline.net/</Website>
		<Country>Yemen</Country>
		<Description>User-centric 4thgeneration system engine</Description>
		<Founded>1981</Founded>
		<Industry>Venture Capital / VC</Industry>
		<NumberEmployees>7443</NumberEmployees>
	</Organization>
	<Organization>
		<OrganizationID>9E6Acb51e3F9d6F</OrganizationID>
		<Name>Glass, Barrera and Turner</Name>
		<Website>https://dunlap.com/</Website>
		<Country>Kyrgyz Republic</Country>
		<Description>Multi-channeled 3rdgeneration open system</Description>
		<Founded>2020</Founded>
		<Industry>Utilities</Industry>
		<NumberEmployees>2610</NumberEmployees>
	</Organization>
	<Organization>
		<OrganizationID>4D4d7E18321eaeC</OrganizationID>
		<Name>Pineda-Cox</Name>
		<Website>http://aguilar.org/</Website>
		<Country>Bolivia</Country>
		<Description>Fundamental asynchronous capability</Description>
		<Founded>2010</Founded>
		<Industry>Human Resources / HR</Industry>
		<NumberEmployees>1312</NumberEmployees>
	</Organization>
	<Organization>
		<OrganizationID>485f5d06B938F2b</OrganizationID>
		<Name>Baker, Mccann and Macdonald</Name>
		<Website>http://www.anderson-barker.com/</Website>
		<Country>Kenya</Country>
		<Description>Cross-group user-facing focus group</Description>
		<Founded>2013</Founded>
		<Industry>Legislative Office</Industry>
		<NumberEmployees>1638</NumberEmployees>
	</Organization>
	<Organization>
		<OrganizationID>19E3a5Bf6dBDc4F</OrganizationID>
		<Name>Cuevas-Moss</Name>
		<Website>https://dodson-castaneda.net/</Website>
		<Country>Guatemala</Country>
		<Description>Extended human-resource intranet</Description>
		<Founded>1994</Founded>
		<Industry>Music</Industry>
		<NumberEmployees>9995</NumberEmployees>
	</Organization>
	<Organization>
		<OrganizationID>6883A965c7b68F7</OrganizationID>
		<Name>Hahn PLC</Name>
		<Website>http://newman.com/</Website>
		<Country>Belarus</Country>
		<Description>Organic logistical leverage</Description>
		<Founded>2012</Founded>
		<Industry>Electrical / Electronic Manufacturing</Industry>
		<NumberEmployees>3715</NumberEmployees>
	</Organization>
	<Organization>
		<OrganizationID>AC5B7AA74Aa4A2E</OrganizationID>
		<Name>Valentine, Ferguson and Kramer</Name>
		<Website>http://stuart.net/</Website>
		<Country>Jersey</Country>
		<Description>Centralized secondary time-frame</Description>
		<Founded>1997</Founded>
		<Industry>Non - Profit / Volunteering</Industry>
		<NumberEmployees>3585</NumberEmployees>
	</Organization>
	<Organization>
		<OrganizationID>decab0D5027CA6a</OrganizationID>
		<Name>Arroyo Inc</Name>
		<Website>https://www.turner.com/</Website>
		<Country>Grenada</Country>
		<Description>Managed demand-driven website</Description>
		<Founded>2006</Founded>
		<Industry>Writing / Editing</Industry>
		<NumberEmployees>9067</NumberEmployees>
	</Organization>
	<Organization>
		<OrganizationID>dF084FbBb613eea</OrganizationID>
		<Name>Walls LLC</Name>
		<Website>http://www.reese-vasquez.biz/</Website>
		<Country>Cape Verde</Country>
		<Description>Self-enabling fresh-thinking installation</Description>
		<Founded>1989</Founded>
		<Industry>Investment Management / Hedge Fund / Private Equity</Industry>
		<NumberEmployees>1678</NumberEmployees>
	</Organization>
	<Organization>
		<OrganizationID>A2D89Ab9bCcAd4e</OrganizationID>
		<Name>Mitchell, Warren and Schneider</Name>
		<Website>https://fox.biz/</Website>
		<Country>Trinidad and Tobago</Country>
		<Description>Enhanced intangible time-frame</Description>
		<Founded>2021</Founded>
		<Industry>Capital Markets / Hedge Fund / Private Equity</Industry>
		<NumberEmployees>3816</NumberEmployees>
	</Organization>
	<Organization>
		<OrganizationID>77aDc905434a49f</OrganizationID>
		<Name>Prince PLC</Name>
		<Website>https://www.watts.com/</Website>
		<Country>Sweden</Country>
		<Description>Profit-focused coherent installation</Description>
		<Founded>2016</Founded>
		<Industry>Individual / Family Services</Industry>
		<NumberEmployees>7645</NumberEmployees>
	</Organization>
	<Organization>
		<OrganizationID>235fdEFE2cfDa5F</OrganizationID>
		<Name>Brock-Blackwell</Name>
		<Website>http://www.small.com/</Website>
		<Country>Benin</Country>
		<Description>Secured foreground emulation</Description>
		<Founded>1986</Founded>
		<Industry>Online Publishing</Industry>
		<NumberEmployees>7034</NumberEmployees>
	</Organization>
	<Organization>
		<OrganizationID>1eD64cFe986BBbE</OrganizationID>
		<Name>Walton-Barnett</Name>
		<Website>https://ashley-schaefer.com/</Website>
		<Country>Western Sahara</Country>
		<Description>Right-sized clear-thinking flexibility</Description>
		<Founded>2001</Founded>
		<Industry>Luxury Goods / Jewelry</Industry>
		<NumberEmployees>1746</NumberEmployees>
	</Organization>
	<Organization>
		<OrganizationID>CbBbFcdd0eaE2cF</OrganizationID>
		<Name>Bartlett-Arroyo</Name>
		<Website>https://cruz.com/</Website>
		<Country>Northern Mariana Islands</Country>
		<Description>Realigned didactic function</Description>
		<Founded>1976</Founded>
		<Industry>Civic / Social Organization</Industry>
		<NumberEmployees>3987</NumberEmployees>
	</Organization>
	<Organization>
		<OrganizationID>49aECbDaE6aBD53</OrganizationID>
		<Name>Wallace, Madden and Morris</Name>
		<Website>http://www.blevins-fernandez.biz/</Website>
		<Country>Germany</Country>
		<Description>Persistent real-time customer loyalty</Description>
		<Founded>2016</Founded>
		<Industry>Pharmaceuticals</Industry>
		<NumberEmployees>9443</NumberEmployees>
	</Organization>
	<Organization>
		<OrganizationID>7b3fe6e7E72bFa4</OrganizationID>
		<Name>Berg-Sparks</Name>
		<Website>https://cisneros-love.com/</Website>
		<Country>Canada</Country>
		<Description>Stand-alone static implementation</Description>
		<Founded>1974</Founded>
		<Industry>Arts / Crafts</Industry>
		<NumberEmployees>2073</NumberEmployees>
	</Organization>
	<Organization>
		<OrganizationID>c6DedA82A8aef7E</OrganizationID>
		<Name>Gonzales Ltd</Name>
		<Website>http://bird.com/</Website>
		<Country>Tonga</Country>
		<Description>Managed human-resource policy</Description>
		<Founded>1988</Founded>
		<Industry>Consumer Goods</Industry>
		<NumberEmployees>9069</NumberEmployees>
	</Organization>
	<Organization>
		<OrganizationID>7D9FBF85cdC3871</OrganizationID>
		<Name>Lawson and Sons</Name>
		<Website>https://www.wong.com/</Website>
		<Country>French Southern Territories</Country>
		<Description>Compatible analyzing intranet</Description>
		<Founded>2021</Founded>
		<Industry>Arts / Crafts</Industry>
		<NumberEmployees>3527</NumberEmployees>
	</Organization>
	<Organization>
		<OrganizationID>7dd18Fb7cB07b65</OrganizationID>
		<Name>Mcguire, Mcconnell and Olsen</Name>
		<Website>https://melton-briggs.com/</Website>
		<Country>Korea</Country>
		<Description>Profound client-server frame</Description>
		<Founded>1988</Founded>
		<Industry>Printing</Industry>
		<NumberEmployees>8445</NumberEmployees>
	</Organization>
	<Organization>
		<OrganizationID>EF5B55FadccB8Fe</OrganizationID>
		<Name>Charles-Phillips</Name>
		<Website>https://bowman.com/</Website>
		<Country>Cote d&apos;Ivoire</Country>
		<Description>Monitored client-server implementation</Description>
		<Founded>2012</Founded>
		<Industry>Mental Health Care</Industry>
		<NumberEmployees>3450</NumberEmployees>
	</Organization>
	<Organization>
		<OrganizationID>f8D4B99e11fAF5D</OrganizationID>
		<Name>Odom Ltd</Name>
		<Website>https://www.humphrey-hess.com/</Website>
		<Country>Cote d&apos;Ivoire</Country>
		<Description>Advanced static process improvement</Description>
		<Founded>2012</Founded>
		<Industry>Management Consulting</Industry>
		<NumberEmployees>1825</NumberEmployees>
	</Organization>
	<Organization>
		<OrganizationID>e24D21BFd3bF1E5</OrganizationID>
		<Name>Richard PLC</Name>
		<Website>https://holden-coleman.net/</Website>
		<Country>Mayotte</Country>
		<Description>Object-based optimizing model</Description>
		<Founded>1971</Founded>
		<Industry>Broadcast Media</Industry>
		<NumberEmployees>4942</NumberEmployees>
	</Organization>
	<Organization>
		<OrganizationID>B9BdfEB6D3Ca44E</OrganizationID>
		<Name>Sampson Ltd</Name>
		<Website>https://blevins.com/</Website>
		<Country>Cayman Islands</Country>
		<Description>Intuitive local adapter</Description>
		<Founded>2005</Founded>
		<Industry>Farming</Industry>
		<NumberEmployees>1418</NumberEmployees>
	</Organization>
	<Organization>
		<OrganizationID>2a74D6f3D3B268e</OrganizationID>
		<Name>Cherry, Le and Callahan</Name>
		<Website>https://waller-delacruz.biz/</Website>
		<Country>Nigeria</Country>
		<Description>Universal human-resource collaboration</Description>
		<Founded>2017</Founded>
		<Industry>Entertainment / Movie Production</Industry>
		<NumberEmployees>7202</NumberEmployees>
	</Organization>
	<Organization>
		<OrganizationID>Bf3F3f62c8aBC33</OrganizationID>
		<Name>Cherry PLC</Name>
		<Website>https://www.avila.info/</Website>
		<Country>Marshall Islands</Country>
		<Description>Persistent tertiary website</Description>
		<Founded>1980</Founded>
		<Industry>Plastics</Industry>
		<NumberEmployees>8245</NumberEmployees>
	</Organization>
	<Organization>
		<OrganizationID>aeBe26B80a7a23c</OrganizationID>
		<Name>Melton-Nichols</Name>
		<Website>https://kennedy.com/</Website>
		<Country>Palau</Country>
		<Description>User-friendly clear-thinking productivity</Description>
		<Founded>2021</Founded>
		<Industry>Legislative Office</Industry>
		<NumberEmployees>8741</NumberEmployees>
	</Organization>
	<Organization>
		<OrganizationID>aAeb29ad43886C6</OrganizationID>
		<Name>Potter-Walsh</Name>
		<Website>http://thomas-french.org/</Website>
		<Country>Turkey</Country>
		<Description>Optional non-volatile open system</Description>
		<Founded>2008</Founded>
		<Industry>Human Resources / HR</Industry>
		<NumberEmployees>6923</NumberEmployees>
	</Organization>
	<Organization>
		<OrganizationID>bD1bc6bB6d1FeD3</OrganizationID>
		<Name>Freeman-Chen</Name>
		<Website>https://mathis.com/</Website>
		<Country>Timor-Leste</Country>
		<Description>Phased next generation adapter</Description>
		<Founded>1973</Founded>
		<Industry>International Trade / Development</Industry>
		<NumberEmployees>346</NumberEmployees>
	</Organization>
	<Organization>
		<OrganizationID>EB9f456e8b7022a</OrganizationID>
		<Name>Soto Group</Name>
		<Website>https://norris.info/</Website>
		<Country>Vietnam</Country>
		<Description>Enterprise-wide executive installation</Description>
		<Founded>1988</Founded>
		<Industry>Business Supplies / Equipment</Industry>
		<NumberEmployees>9097</NumberEmployees>
	</Organization>
	<Organization>
		<OrganizationID>Dfef38C51D8DAe3</OrganizationID>
		<Name>Poole, Cruz and Whitney</Name>
		<Website>https://reed.info/</Website>
		<Country>Reunion</Country>
		<Description>Balanced analyzing groupware</Description>
		<Founded>1978</Founded>
		<Industry>Marketing / Advertising / Sales</Industry>
		<NumberEmployees>2992</NumberEmployees>
	</Organization>
	<Organization>
		<OrganizationID>055ffEfB2Dd95B0</OrganizationID>
		<Name>Riley Ltd</Name>
		<Website>http://wiley.com/</Website>
		<Country>Brazil</Country>
		<Description>Optional exuding superstructure</Description>
		<Founded>1986</Founded>
		<Industry>Textiles</Industry>
		<NumberEmployees>9315</NumberEmployees>
	</Organization>
	<Organization>
		<OrganizationID>cBfe4dbAE1699da</OrganizationID>
		<Name>Erickson, Andrews and Bailey</Name>
		<Website>https://www.hobbs-grant.com/</Website>
		<Country>Eritrea</Country>
		<Description>Vision-oriented secondary project</Description>
		<Founded>2014</Founded>
		<Industry>Consumer Electronics</Industry>
		<NumberEmployees>7829</NumberEmployees>
	</Organization>
	<Organization>
		<OrganizationID>fdFbecbadcdCdf1</OrganizationID>
		<Name>Wilkinson, Charles and Arroyo</Name>
		<Website>http://hunter-mcfarland.com/</Website>
		<Country>United States Virgin Islands</Country>
		<Description>Assimilated 24/7 archive</Description>
		<Founded>1996</Founded>
		<Industry>Building Materials</Industry>
		<NumberEmployees>602</NumberEmployees>
	</Organization>
	<Organization>
		<OrganizationID>5DCb8A5a5ca03c0</OrganizationID>
		<Name>Floyd Ltd</Name>
		<Website>http://www.whitney.com/</Website>
		<Country>Falkland Islands (Malvinas)</Country>
		<Description>Function-based fault-tolerant concept</Description>
		<Founded>2017</Founded>
		<Industry>Public Relations / PR</Industry>
		<NumberEmployees>2911</NumberEmployees>
	</Organization>
	<Organization>
		<OrganizationID>ce57DCbcFD6d618</OrganizationID>
		<Name>Newman-Galloway</Name>
		<Website>https://www.scott.com/</Website>
		<Country>Luxembourg</Country>
		<Description>Enhanced foreground collaboration</Description>
		<Founded>1987</Founded>
		<Industry>Information Technology / IT</Industry>
		<NumberEmployees>3934</NumberEmployees>
	</Organization>
	<Organization>
		<OrganizationID>5aaD187dc929371</OrganizationID>
		<Name>Frazier-Butler</Name>
		<Website>https://www.daugherty-farley.info/</Website>
		<Country>Northern Mariana Islands</Country>
		<Description>Persistent interactive circuit</Description>
		<Founded>1972</Founded>
		<Industry>Outsourcing / Offshoring</Industry>
		<NumberEmployees>5130</NumberEmployees>
	</Organization>
	<Organization>
		<OrganizationID>902D7Ac8b6d476b</OrganizationID>
		<Name>Newton Inc</Name>
		<Website>https://www.richmond-manning.info/</Website>
		<Country>Netherlands Antilles</Country>
		<Description>Fundamental stable info-mediaries</Description>
		<Founded>1976</Founded>
		<Industry>Military Industry</Industry>
		<NumberEmployees>563</NumberEmployees>
	</Organization>
	<Organization>
		<OrganizationID>32BB9Ff4d939788</OrganizationID>
		<Name>Duffy-Levy</Name>
		<Website>https://www.potter.com/</Website>
		<Country>Guernsey</Country>
		<Description>Diverse exuding installation</Description>
		<Founded>1982</Founded>
		<Industry>Wireless</Industry>
		<NumberEmployees>6146</NumberEmployees>
	</Organization>
	<Organization>
		<OrganizationID>adcB0afbE58bAe3</OrganizationID>
		<Name>Wagner LLC</Name>
		<Website>https://decker-esparza.com/</Website>
		<Country>Uruguay</Country>
		<Description>Reactive attitude-oriented toolset</Description>
		<Founded>1987</Founded>
		<Industry>International Affairs</Industry>
		<NumberEmployees>6874</NumberEmployees>
	</Organization>
	<Organization>
		<OrganizationID>dfcA1c84AdB61Ac</OrganizationID>
		<Name>Mccall-Holmes</Name>
		<Website>http://www.dean.com/</Website>
		<Country>Benin</Country>
		<Description>Object-based value-added database</Description>
		<Founded>2009</Founded>
		<Industry>Legal Services</Industry>
		<NumberEmployees>696</NumberEmployees>
	</Organization>
	<Organization>
		<OrganizationID>208044AC2fe52F3</OrganizationID>
		<Name>Massey LLC</Name>
		<Website>https://frazier.biz/</Website>
		<Country>Suriname</Country>
		<Description>Configurable zero administration Graphical User Interface</Description>
		<Founded>1986</Founded>
		<Industry>Accounting</Industry>
		<NumberEmployees>5004</NumberEmployees>
	</Organization>
	<Organization>
		<OrganizationID>f3C365f0c1A0623</OrganizationID>
		<Name>Hicks LLC</Name>
		<Website>http://alvarez.biz/</Website>
		<Country>Pakistan</Country>
		<Description>Quality-focused client-server Graphical User Interface</Description>
		<Founded>1970</Founded>
		<Industry>Computer Software / Engineering</Industry>
		<NumberEmployees>8480</NumberEmployees>
	</Organization>
	<Organization>
		<OrganizationID>ec5Bdd3CBAfaB93</OrganizationID>
		<Name>Cole, Russell and Avery</Name>
		<Website>http://www.blankenship.com/</Website>
		<Country>Mongolia</Country>
		<Description>De-engineered fault-tolerant challenge</Description>
		<Founded>2000</Founded>
		<Industry>Law Enforcement</Industry>
		<NumberEmployees>7012</NumberEmployees>
	</Organization>
	<Organization>
		<OrganizationID>DDB19Be7eeB56B4</OrganizationID>
		<Name>Cummings-Rojas</Name>
		<Website>https://simon-pearson.com/</Website>
		<Country>Svalbard &amp; Jan Mayen Islands</Country>
		<Description>User-centric modular customer loyalty</Description>
		<Founded>2012</Founded>
		<Industry>Financial Services</Industry>
		<NumberEmployees>7529</NumberEmployees>
	</Organization>
	<Organization>
		<OrganizationID>dd6CA3d0bc3cAfc</OrganizationID>
		<Name>Beasley, Greene and Mahoney</Name>
		<Website>http://www.petersen-lawrence.com/</Website>
		<Country>Togo</Country>
		<Description>Extended content-based methodology</Description>
		<Founded>1976</Founded>
		<Industry>Religious Institutions</Industry>
		<NumberEmployees>869</NumberEmployees>
	</Organization>
	<Organization>
		<OrganizationID>A0B9d56e61070e3</OrganizationID>
		<Name>Beasley, Sims and Allison</Name>
		<Website>http://burke.info/</Website>
		<Country>Latvia</Country>
		<Description>Secured zero tolerance hub</Description>
		<Founded>1972</Founded>
		<Industry>Facilities Services</Industry>
		<NumberEmployees>6182</NumberEmployees>
	</Organization>
	<Organization>
		<OrganizationID>cBa7EFe5D05Adaf</OrganizationID>
		<Name>Crawford-Rivera</Name>
		<Website>https://black-ramirez.org/</Website>
		<Country>Cuba</Country>
		<Description>Persevering exuding budgetary management</Description>
		<Founded>1999</Founded>
		<Industry>Online Publishing</Industry>
		<NumberEmployees>7805</NumberEmployees>
	</Organization>
	<Organization>
		<OrganizationID>Ea3f6D52Ec73563</OrganizationID>
		<Name>Montes-Hensley</Name>
		<Website>https://krueger.org/</Website>
		<Country>Liechtenstein</Country>
		<Description>Multi-tiered secondary productivity</Description>
		<Founded>2009</Founded>
		<Industry>Printing</Industry>
		<NumberEmployees>8433</NumberEmployees>
	</Organization>
	<Organization>
		<OrganizationID>bC0CEd48A8000E0</OrganizationID>
		<Name>Velazquez-Odom</Name>
		<Website>https://stokes.com/</Website>
		<Country>Djibouti</Country>
		<Description>Streamlined 6thgeneration function</Description>
		<Founded>2002</Founded>
		<Industry>Alternative Dispute Resolution</Industry>
		<NumberEmployees>4044</NumberEmployees>
	</Organization>
	<Organization>
		<OrganizationID>c89b9b59BC4baa1</OrganizationID>
		<Name>Eaton-Morales</Name>
		<Website>https://www.reeves-graham.com/</Website>
		<Country>Micronesia</Country>
		<Description>Customer-focused explicit frame</Description>
		<Founded>1990</Founded>
		<Industry>Capital Markets / Hedge Fund / Private Equity</Industry>
		<NumberEmployees>7013</NumberEmployees>
	</Organization>
	<Organization>
		<OrganizationID>FEC51bce8421a7b</OrganizationID>
		<Name>Roberson, Pennington and Palmer</Name>
		<Website>http://www.keith-fisher.com/</Website>
		<Country>Cameroon</Country>
		<Description>Adaptive bi-directional hierarchy</Description>
		<Founded>1993</Founded>
		<Industry>Telecommunications</Industry>
		<NumberEmployees>5571</NumberEmployees>
	</Organization>
	<Organization>
		<OrganizationID>e0E8e27eAc9CAd5</OrganizationID>
		<Name>George, Russo and Guerra</Name>
		<Website>https://drake.com/</Website>
		<Country>Sweden</Country>
		<Description>Centralized non-volatile capability</Description>
		<Founded>1989</Founded>
		<Industry>Military Industry</Industry>
		<NumberEmployees>2880</NumberEmployees>
	</Organization>
	<Organization>
		<OrganizationID>B97a6CF9bf5983C</OrganizationID>
		<Name>Davila Inc</Name>
		<Website>https://mcconnell.info/</Website>
		<Country>Cocos (Keeling) Islands</Country>
		<Description>Profit-focused dedicated frame</Description>
		<Founded>2017</Founded>
		<Industry>Consumer Electronics</Industry>
		<NumberEmployees>2215</NumberEmployees>
	</Organization>
	<Organization>
		<OrganizationID>a0a6f9b3DbcBEb5</OrganizationID>
		<Name>Mays-Preston</Name>
		<Website>http://www.browning-key.com/</Website>
		<Country>Mali</Country>
		<Description>User-centric heuristic focus group</Description>
		<Founded>2006</Founded>
		<Industry>Military Industry</Industry>
		<NumberEmployees>5786</NumberEmployees>
	</Organization>
	<Organization>
		<OrganizationID>8cC1bDa330a5871</OrganizationID>
		<Name>Pineda-Morton</Name>
		<Website>https://www.carr.com/</Website>
		<Country>United States Virgin Islands</Country>
		<Description>Grass-roots methodical info-mediaries</Description>
		<Founded>1991</Founded>
		<Industry>Printing</Industry>
		<NumberEmployees>6168</NumberEmployees>
	</Organization>
	<Organization>
		<OrganizationID>ED889CB2FE9cbd3</OrganizationID>
		<Name>Huang and Sons</Name>
		<Website>https://www.bolton.com/</Website>
		<Country>Eritrea</Country>
		<Description>Re-contextualized dynamic hierarchy</Description>
		<Founded>1981</Founded>
		<Industry>Semiconductors</Industry>
		<NumberEmployees>7484</NumberEmployees>
	</Organization>
	<Organization>
		<OrganizationID>F4Dc1417BC6cb8f</OrganizationID>
		<Name>Gilbert-Simon</Name>
		<Website>https://www.bradford.biz/</Website>
		<Country>Burundi</Country>
		<Description>Grass-roots radical parallelism</Description>
		<Founded>1973</Founded>
		<Industry>Newspapers / Journalism</Industry>
		<NumberEmployees>1927</NumberEmployees>
	</Organization>
	<Organization>
		<OrganizationID>7ABc3c7ecA03B34</OrganizationID>
		<Name>Sampson-Griffith</Name>
		<Website>http://hendricks.org/</Website>
		<Country>Benin</Country>
		<Description>Multi-layered composite paradigm</Description>
		<Founded>1972</Founded>
		<Industry>Textiles</Industry>
		<NumberEmployees>3881</NumberEmployees>
	</Organization>
	<Organization>
		<OrganizationID>4e0719FBE38e0aB</OrganizationID>
		<Name>Miles-Dominguez</Name>
		<Website>http://www.turner.com/</Website>
		<Country>Gibraltar</Country>
		<Description>Organized empowering forecast</Description>
		<Founded>1996</Founded>
		<Industry>Civic / Social Organization</Industry>
		<NumberEmployees>897</NumberEmployees>
	</Organization>
	<Organization>
		<OrganizationID>dEbDAAeDfaed00A</OrganizationID>
		<Name>Rowe and Sons</Name>
		<Website>https://www.simpson.org/</Website>
		<Country>El Salvador</Country>
		<Description>Balanced multimedia knowledgebase</Description>
		<Founded>1978</Founded>
		<Industry>Facilities Services</Industry>
		<NumberEmployees>8172</NumberEmployees>
	</Organization>
	<Organization>
		<OrganizationID>61BDeCfeFD0cEF5</OrganizationID>
		<Name>Valenzuela, Holmes and Rowland</Name>
		<Website>https://www.dorsey.net/</Website>
		<Country>Yemen</Country>
		<Description>Persistent tertiary focus group</Description>
		<Founded>1999</Founded>
		<Industry>Transportation</Industry>
		<NumberEmployees>1483</NumberEmployees>
	</Organization>
	<Organization>
		<OrganizationID>4e91eD25f486110</OrganizationID>
		<Name>Best, Wade and Shepard</Name>
		<Website>https://zimmerman.com/</Website>
		<Country>Zimbabwe</Country>
		<Description>Innovative background definition</Description>
		<Founded>1991</Founded>
		<Industry>Gambling / Casinos</Industry>
		<NumberEmployees>4873</NumberEmployees>
	</Organization>
	<Organization>
		<OrganizationID>0a0bfFbBbB8eC7c</OrganizationID>
		<Name>Holmes Group</Name>
		<Website>https://mcdowell.org/</Website>
		<Country>Ethiopia</Country>
		<Description>Right-sized zero tolerance focus group</Description>
		<Founded>1975</Founded>
		<Industry>Photography</Industry>
		<NumberEmployees>2988</NumberEmployees>
	</Organization>
	<Organization>
		<OrganizationID>BA6Cd9Dae2Efd62</OrganizationID>
		<Name>Good Ltd</Name>
		<Website>http://duffy.com/</Website>
		<Country>Anguilla</Country>
		<Description>Reverse-engineered composite moratorium</Description>
		<Founded>1971</Founded>
		<Industry>Consumer Services</Industry>
		<NumberEmployees>4292</NumberEmployees>
	</Organization>
	<Organization>
		<OrganizationID>E7df80C60Abd7f9</OrganizationID>
		<Name>Clements-Espinoza</Name>
		<Website>http://www.flowers.net/</Website>
		<Country>Falkland Islands (Malvinas)</Country>
		<Description>Progressive modular hub</Description>
		<Founded>1991</Founded>
		<Industry>Broadcast Media</Industry>
		<NumberEmployees>236</NumberEmployees>
	</Organization>
	<Organization>
		<OrganizationID>AFc285dbE2fEd24</OrganizationID>
		<Name>Mendez Inc</Name>
		<Website>https://www.burke.net/</Website>
		<Country>Kyrgyz Republic</Country>
		<Description>User-friendly exuding migration</Description>
		<Founded>1993</Founded>
		<Industry>Education Management</Industry>
		<NumberEmployees>339</NumberEmployees>
	</Organization>
	<Organization>
		<OrganizationID>e9eB5A60Cef8354</OrganizationID>
		<Name>Watkins-Kaiser</Name>
		<Website>http://www.herring.com/</Website>
		<Country>Togo</Country>
		<Description>Synergistic background access</Description>
		<Founded>2009</Founded>
		<Industry>Financial Services</Industry>
		<NumberEmployees>2785</NumberEmployees>
	</Organization>
</Organizations>