<?xml version="1.0" encoding="UTF-8"?>
<!DOCTYPE Organizations SYSTEM "2_Corrected_sample.dtd">
<Organizations>
	<Organization>
		<OrganizationID>FAB0d41d5b5d22c</OrganizationID>
		<Name>Blue Lines</Name>
		<Website>https://blue-lines.com/</Website>
		<Country>Norway</Country>
		<Description>Shipping and logistics company</Description>
		<Founded>1990</Founded>
		<Industry>Shipping</Industry>
		<NumberEmployees>3498</NumberEmployees>
		<Employees>
			<Employee UserID="9edBC94aE7cA22a">
				<FirstName>Willie</FirstName>
				<LastName>Vang</LastName>
				<Sex>Female</Sex>
				<Email>Vang-bl@example.net</Email>
				<Phone>741-168-6067</Phone>
				<BirthDate>2/2/1978</BirthDate>
				<JobTitle>Management consultant</JobTitle>
			</Employee>
			<Employee UserID="Cb19eA94fV28zQ6">
				<FirstName>James</FirstName>
				<LastName>Mark</LastName>
				<Sex>Male</Sex>
				<Email>jamesm@example.net</Email>
				<Phone>583-186-8834</Phone>
				<BirthDate>12/6/1973</BirthDate>
				<JobTitle>Archives manager</JobTitle>
			</Employee>
		</Employees>
	</Organization>
	<Organization>
		<OrganizationID>6A7ExDEA3FaDC52</OrganizationID>
		<Name>Mckinney, Riley and Day</Name>
		<Website>http://www.MRD.com/</Website>
		<Country>Finland</Country>
		<Description>User-centric system-worthy leverage</Description>
		<Founded>2015</Founded>
		<Industry>Glass / Ceramics / Concrete</Industry>
		<NumberEmployees>4952</NumberEmployees>
		<Employees>
			<Employee UserID="3gsW529yE6dJ43n">
				<FirstName>Albert</FirstName>
				<LastName>Esparza</LastName>
				<Sex>Male</Sex>
				<Email>EsparzaAlbert@example.net</Email>
				<Phone>846-114-9835</Phone>
				<BirthDate>9/7/1980</BirthDate>
				<JobTitle>Lorry driver</JobTitle>
			</Employee>
			<Employee UserID="xU22mG62dV14aS3">
				<FirstName>Flora</FirstName>
				<LastName>Helton</LastName>
				<Sex>Female</Sex>
				<Email>Eng.Flora@example.net</Email>
				<Phone>874-235-9945</Phone>
				<BirthDate>9/3/1987</BirthDate>
				<JobTitle>Engineer</JobTitle>
			</Employee>
		</Employees>
	</Organization>
</Organizations>